order_id,user_id,order_date,order_status
101,1,"2023-04-01 10:15:00",completed
102,2,"2023-04-02 09:25:00",completed
103,4,"2023-04-04 16:30:00",completed
1001,4219,"2026-04-05 14:18:03",completed
1002,4859,"2026-04-01 15:12:03",completed
1003,2248,"2026-03-28 14:50:03",completed
1004,2790,"2026-03-29 14:20:03",completed
1005,1649,"2026-04-03 14:52:03",completed
1006,193,"2026-04-14 15:05:03",completed
1007,1032,"2026-03-29 14:32:03",completed
1008,3032,"2026-03-17 15:13:03",completed
1009,301,"2026-04-08 15:10:03",completed
1010,255,"2026-03-24 14:57:03",completed
1011,1557,"2026-03-28 14:59:03",completed
1012,3841,"2026-04-02 14:50:03",completed
1013,2249,"2026-03-30 14:58:03",completed
1014,503,"2026-04-03 15:03:03",completed
1015,366,"2026-03-24 15:08:03",completed
1016,4801,"2026-03-24 15:12:03",completed
1017,485,"2026-04-12 14:22:03",completed
1018,2512,"2026-04-02 14:57:03",completed
1019,1360,"2026-04-02 14:23:03",completed
1020,1932,"2026-04-03 14:51:03",completed
1021,4018,"2026-03-22 14:49:03",completed
1022,3468,"2026-03-30 14:17:03",completed
1023,4812,"2026-04-10 14:43:03",completed
1024,3949,"2026-03-23 14:29:03",completed
1025,2784,"2026-04-12 15:01:03",completed
1026,2916,"2026-03-25 14:22:03",completed
1027,4873,"2026-03-29 14:30:03",completed
1028,4818,"2026-03-21 15:10:03",completed
1029,454,"2026-04-14 15:04:03",completed
1030,2625,"2026-03-30 14:35:03",completed
1031,2216,"2026-03-18 14:26:03",completed
1032,2316,"2026-03-27 15:10:03",completed
1033,766,"2026-04-03 14:18:03",completed
1034,4853,"2026-03-28 14:44:03",completed
1035,2134,"2026-04-05 14:30:03",completed
1036,4563,"2026-03-27 15:03:03",completed
1037,2721,"2026-03-29 14:30:03",completed
1038,3682,"2026-03-21 15:05:03",completed
1039,968,"2026-04-11 14:38:03",completed
1040,3653,"2026-04-05 14:39:03",completed
1041,1301,"2026-04-03 15:07:03",completed
1042,4114,"2026-03-21 14:24:03",completed
1043,2441,"2026-04-05 14:23:03",completed
1044,2800,"2026-03-27 14:29:03",completed
1045,1018,"2026-04-01 14:58:03",completed
1046,391,"2026-03-30 15:10:03",completed
1047,1888,"2026-03-26 14:39:03",completed
1048,1271,"2026-04-04 14:32:03",completed
1049,4474,"2026-04-09 14:25:03",completed
1050,403,"2026-03-23 15:14:03",completed
1051,1850,"2026-04-05 14:41:03",completed
1052,4594,"2026-04-11 14:25:03",completed
1053,1389,"2026-03-31 14:48:03",completed
1054,1376,"2026-03-26 14:29:03",completed
1055,3641,"2026-04-02 14:45:03",completed
1056,3463,"2026-03-29 15:01:03",completed
1057,2514,"2026-03-17 14:36:03",completed
1058,4646,"2026-03-20 14:42:03",completed
1059,839,"2026-04-13 14:27:03",completed
1060,2411,"2026-03-18 14:54:03",completed
1061,1857,"2026-03-31 14:52:03",completed
1062,2188,"2026-04-14 14:22:03",completed
1063,4260,"2026-03-19 14:58:03",completed
1064,952,"2026-03-23 14:30:03",completed
1065,3694,"2026-03-18 14:19:03",completed
1066,1344,"2026-03-19 14:52:03",completed
1067,180,"2026-03-28 15:05:03",completed
1068,269,"2026-03-17 14:32:03",completed
1069,655,"2026-04-04 15:13:03",completed
1070,1265,"2026-04-14 15:11:03",completed
1071,4698,"2026-03-18 15:00:03",completed
1072,1230,"2026-04-15 15:12:03",completed
1073,4274,"2026-04-06 14:44:03",completed
1074,4949,"2026-03-21 14:48:03",completed
1075,1199,"2026-04-10 14:31:03",completed
1076,4105,"2026-04-08 14:58:03",completed
1077,365,"2026-04-10 15:00:03",completed
1078,3533,"2026-04-01 14:52:03",completed
1079,381,"2026-03-18 15:05:03",completed
1080,1496,"2026-03-22 14:32:03",completed
1081,2162,"2026-03-25 15:10:03",completed
1082,3832,"2026-03-27 14:58:03",completed
1083,3761,"2026-04-07 15:04:03",completed
1084,3310,"2026-04-10 15:13:03",completed
1085,410,"2026-04-01 14:35:03",completed
1086,4815,"2026-04-11 15:00:03",completed
1087,2992,"2026-04-13 15:00:03",completed
1088,3389,"2026-04-07 14:46:03",completed
1089,4264,"2026-03-29 14:34:03",completed
1090,3236,"2026-04-02 14:18:03",completed
1091,1684,"2026-04-06 14:31:03",completed
1092,1044,"2026-03-21 14:27:03",completed
1093,1754,"2026-04-03 14:28:03",completed
1094,4366,"2026-04-08 14:40:03",completed
1095,3713,"2026-04-01 14:41:03",completed
1096,1503,"2026-03-22 15:09:03",completed
1097,3135,"2026-04-09 14:26:03",completed
1098,3527,"2026-03-17 14:28:03",completed
1099,320,"2026-03-30 14:48:03",completed
1100,2127,"2026-04-06 14:20:03",completed
1101,1856,"2026-03-22 14:59:03",completed
1102,3424,"2026-03-29 14:42:03",completed
1103,3821,"2026-04-07 14:17:03",completed
1104,4518,"2026-03-31 15:04:03",completed
1105,3505,"2026-04-13 15:13:03",completed
1106,1824,"2026-03-19 14:37:03",completed
1107,2101,"2026-04-13 15:12:03",completed
1108,92,"2026-03-27 14:51:03",completed
1109,1104,"2026-04-02 14:25:03",completed
1110,345,"2026-04-12 14:16:03",completed
1111,1780,"2026-03-21 14:51:03",completed
1112,4942,"2026-03-25 15:10:03",completed
1113,1393,"2026-03-30 15:01:03",completed
1114,2012,"2026-03-17 14:18:03",completed
1115,1858,"2026-03-25 15:14:03",completed
1116,1590,"2026-04-02 15:02:03",completed
1117,2410,"2026-03-22 15:10:03",completed
1118,4259,"2026-04-06 14:30:03",completed
1119,511,"2026-03-29 14:45:03",completed
1120,1379,"2026-04-07 14:58:03",completed
1121,3807,"2026-03-26 14:18:03",completed
1122,3937,"2026-04-14 14:22:03",completed
1123,1936,"2026-04-02 14:39:03",completed
1124,4791,"2026-03-20 14:52:03",completed
1125,2934,"2026-03-20 15:11:03",completed
1126,3990,"2026-04-04 15:02:03",completed
1127,1099,"2026-03-29 14:22:03",completed
1128,991,"2026-04-07 14:27:03",completed
1129,4121,"2026-03-31 14:56:03",completed
1130,2111,"2026-03-26 15:04:03",completed
1131,2472,"2026-03-27 15:14:03",completed
1132,1430,"2026-04-04 14:45:03",completed
1133,1209,"2026-04-03 14:48:03",completed
1134,1281,"2026-04-04 14:27:03",completed
1135,998,"2026-04-13 14:37:03",completed
1136,3689,"2026-04-07 14:27:03",completed
1137,1865,"2026-04-02 15:08:03",completed
1138,4217,"2026-03-19 15:05:03",completed
1139,1867,"2026-04-10 14:47:03",completed
1140,764,"2026-04-13 14:23:03",completed
1141,1263,"2026-03-18 14:20:03",completed
1142,1527,"2026-04-11 15:13:03",completed
1143,2220,"2026-03-23 14:49:03",completed
1144,311,"2026-03-31 15:11:03",completed
1145,3393,"2026-04-04 15:14:03",completed
1146,1521,"2026-03-30 14:21:03",completed
1147,1637,"2026-04-03 14:48:03",completed
1148,2954,"2026-03-18 14:40:03",completed
1149,4858,"2026-04-05 14:42:03",completed
1150,4789,"2026-03-20 15:14:03",completed
1151,3375,"2026-04-06 14:49:03",completed
1152,3328,"2026-04-02 15:07:03",completed
1153,3814,"2026-04-09 14:51:03",completed
1154,4115,"2026-04-04 14:38:03",completed
1155,3636,"2026-03-25 14:24:03",completed
1156,1142,"2026-03-24 14:50:03",completed
1157,4406,"2026-04-12 14:44:03",completed
1158,264,"2026-03-21 14:52:03",completed
1159,4813,"2026-03-25 14:52:03",completed
1160,1261,"2026-03-22 14:29:03",completed
1161,303,"2026-04-10 14:34:03",completed
1162,1475,"2026-03-28 15:07:03",completed
1163,1180,"2026-04-07 14:36:03",completed
1164,4952,"2026-03-25 14:23:03",completed
1165,532,"2026-04-10 14:54:03",completed
1166,1704,"2026-04-02 15:03:03",completed
1167,2275,"2026-03-23 14:18:03",completed
1168,1933,"2026-04-06 15:05:03",completed
1169,1781,"2026-03-19 15:14:03",completed
1170,3418,"2026-04-01 14:42:03",completed
1171,3970,"2026-03-26 14:30:03",completed
1172,4543,"2026-03-24 15:08:03",completed
1173,2021,"2026-03-23 14:58:03",completed
1174,368,"2026-04-14 15:08:03",completed
1175,2418,"2026-04-02 14:31:03",completed
1176,3277,"2026-03-26 14:56:03",completed
1177,3208,"2026-04-09 14:52:03",completed
1178,1685,"2026-04-15 15:14:03",completed
1179,3975,"2026-03-17 14:21:03",completed
1180,4740,"2026-03-31 14:45:03",completed
1181,4187,"2026-03-25 14:29:03",completed
1182,540,"2026-04-12 14:56:03",completed
1183,538,"2026-03-30 14:55:03",completed
1184,1515,"2026-04-06 14:30:03",completed
1185,2238,"2026-04-07 14:33:03",completed
1186,4187,"2026-03-22 14:56:03",completed
1187,3756,"2026-03-20 14:47:03",completed
1188,3361,"2026-03-19 14:52:03",completed
1189,2084,"2026-04-14 14:44:03",completed
1190,2020,"2026-03-24 14:46:03",completed
1191,3514,"2026-03-23 14:25:03",completed
1192,1065,"2026-03-29 14:32:03",completed
1193,1744,"2026-04-03 15:07:03",completed
1194,2806,"2026-03-21 14:46:03",completed
1195,3716,"2026-04-05 15:11:03",completed
1196,3681,"2026-04-09 14:21:03",completed
1197,1942,"2026-04-02 15:00:03",completed
1198,1844,"2026-03-25 14:39:03",completed
1199,1072,"2026-04-14 14:58:03",completed
1200,17,"2026-03-18 14:40:03",completed
1201,1627,"2026-04-11 15:12:03",completed
1202,1637,"2026-03-22 14:42:03",completed
1203,3839,"2026-03-27 14:41:03",completed
1204,2337,"2026-03-31 15:01:03",completed
1205,1784,"2026-03-22 14:49:03",completed
1206,2243,"2026-03-24 14:45:03",completed
1207,4473,"2026-03-21 15:01:03",completed
1208,684,"2026-03-19 14:37:03",completed
1209,3601,"2026-04-12 14:46:03",completed
1210,3184,"2026-04-11 14:41:03",completed
1211,3963,"2026-04-06 14:54:03",completed
1212,3600,"2026-03-22 15:12:03",completed
1213,2257,"2026-03-30 15:03:03",completed
1214,1013,"2026-04-02 14:23:03",completed
1215,2668,"2026-04-14 14:31:03",completed
1216,2354,"2026-04-13 15:08:03",completed
1217,288,"2026-03-27 14:53:03",completed
1218,3672,"2026-04-14 14:45:03",completed
1219,3901,"2026-04-15 14:52:03",completed
1220,932,"2026-03-30 14:47:03",completed
1221,1742,"2026-04-09 15:05:03",completed
1222,379,"2026-03-17 14:46:03",completed
1223,4068,"2026-04-07 14:22:03",completed
1224,3805,"2026-04-03 14:17:03",completed
1225,2978,"2026-04-08 15:02:03",completed
1226,2055,"2026-04-14 15:02:03",completed
1227,269,"2026-04-14 14:52:03",completed
1228,1190,"2026-04-12 14:56:03",completed
1229,2898,"2026-04-15 14:51:03",completed
1230,1558,"2026-04-02 15:12:03",completed
1231,423,"2026-03-21 15:09:03",completed
1232,4104,"2026-03-30 14:55:03",completed
1233,341,"2026-03-24 14:51:03",completed
1234,4866,"2026-03-25 14:17:03",completed
1235,3122,"2026-04-06 14:37:03",completed
1236,544,"2026-04-04 14:55:03",completed
1237,2652,"2026-04-08 14:32:03",completed
1238,4044,"2026-03-22 14:39:03",completed
1239,4045,"2026-03-21 14:23:03",completed
1240,2031,"2026-04-05 14:43:03",completed
1241,4613,"2026-04-10 15:09:03",completed
1242,2956,"2026-03-29 14:22:03",completed
1243,1767,"2026-03-31 15:09:03",completed
1244,886,"2026-04-09 14:22:03",completed
1245,2712,"2026-04-03 15:09:03",completed
1246,159,"2026-04-13 14:21:03",completed
1247,4646,"2026-03-29 15:05:03",completed
1248,4939,"2026-03-31 15:06:03",completed
1249,4329,"2026-03-22 15:00:03",completed
1250,1618,"2026-03-26 14:24:03",completed
1251,3573,"2026-03-23 14:46:03",completed
1252,1778,"2026-03-17 14:24:03",completed
1253,930,"2026-03-23 14:26:03",completed
1254,3096,"2026-04-08 14:42:03",completed
1255,1578,"2026-04-14 14:56:03",completed
1256,3309,"2026-04-07 14:19:03",completed
1257,251,"2026-03-26 14:33:03",completed
1258,4334,"2026-03-26 14:30:03",completed
1259,3774,"2026-04-12 14:37:03",completed
1260,1773,"2026-04-03 14:20:03",completed
1261,3884,"2026-04-02 14:31:03",completed
1262,1720,"2026-03-20 14:20:03",completed
1263,2697,"2026-03-24 14:54:03",completed
1264,3981,"2026-03-20 15:12:03",completed
1265,1224,"2026-04-08 15:04:03",completed
1266,1056,"2026-03-30 14:30:03",completed
1267,754,"2026-03-25 15:01:03",completed
1268,3781,"2026-04-08 14:20:03",completed
1269,2180,"2026-04-11 14:20:03",completed
1270,1169,"2026-04-06 14:24:03",completed
1271,3127,"2026-04-01 14:44:03",completed
1272,4524,"2026-04-13 15:15:03",completed
1273,2515,"2026-03-20 14:48:03",completed
1274,2846,"2026-03-30 15:00:03",completed
1275,4903,"2026-04-04 14:18:03",completed
1276,1148,"2026-03-29 15:14:03",completed
1277,166,"2026-04-14 15:01:03",completed
1278,4863,"2026-04-12 15:09:03",completed
1279,1739,"2026-03-30 14:26:03",completed
1280,3936,"2026-04-05 14:29:03",completed
1281,4034,"2026-04-14 14:52:03",completed
1282,4234,"2026-04-07 14:37:03",completed
1283,3974,"2026-03-28 15:13:03",completed
1284,614,"2026-03-17 14:57:03",completed
1285,4655,"2026-03-31 14:51:03",completed
1286,2604,"2026-04-09 15:07:03",completed
1287,4340,"2026-04-14 14:48:03",completed
1288,2944,"2026-03-26 14:23:03",completed
1289,4746,"2026-03-21 15:14:03",completed
1290,1525,"2026-04-13 14:47:03",completed
1291,4672,"2026-04-08 14:57:03",completed
1292,638,"2026-03-29 15:07:03",completed
1293,1930,"2026-03-21 14:30:03",completed
1294,4049,"2026-04-11 14:52:03",completed
1295,4354,"2026-03-20 14:35:03",completed
1296,1407,"2026-03-31 15:05:03",completed
1297,371,"2026-03-30 14:23:03",completed
1298,2906,"2026-04-13 14:25:03",completed
1299,1299,"2026-04-05 14:41:03",completed
1300,1726,"2026-03-17 14:54:03",completed
1301,1912,"2026-03-30 15:14:03",completed
1302,4416,"2026-04-04 15:10:03",completed
1303,4847,"2026-04-02 14:51:03",completed
1304,1102,"2026-03-30 14:31:03",completed
1305,482,"2026-03-29 14:45:03",completed
1306,2921,"2026-03-31 14:59:03",completed
1307,2059,"2026-04-15 14:24:03",completed
1308,3215,"2026-03-26 14:47:03",completed
1309,4383,"2026-04-01 14:27:03",completed
1310,39,"2026-04-15 14:39:03",completed
1311,1302,"2026-04-14 14:38:03",completed
1312,3236,"2026-03-23 14:59:03",completed
1313,1970,"2026-03-25 14:45:03",completed
1314,2723,"2026-03-28 14:32:03",completed
1315,1909,"2026-03-19 15:09:03",completed
1316,3763,"2026-03-28 14:53:03",completed
1317,4974,"2026-04-09 14:44:03",completed
1318,2748,"2026-03-25 14:46:03",completed
1319,3131,"2026-04-10 14:20:03",completed
1320,4815,"2026-03-19 15:07:03",completed
1321,1070,"2026-04-07 14:21:03",completed
1322,3748,"2026-04-01 15:08:03",completed
1323,2667,"2026-04-06 14:20:03",completed
1324,2181,"2026-03-29 15:00:03",completed
1325,1041,"2026-03-30 14:45:03",completed
1326,4525,"2026-04-05 14:28:03",completed
1327,1257,"2026-04-14 14:52:03",completed
1328,3492,"2026-04-09 14:41:03",completed
1329,2667,"2026-03-23 14:32:03",completed
1330,64,"2026-04-14 14:24:03",completed
1331,4003,"2026-04-14 15:07:03",completed
1332,401,"2026-04-13 15:07:03",completed
1333,2885,"2026-03-30 15:00:03",completed
1334,2560,"2026-03-23 14:21:03",completed
1335,2970,"2026-04-05 14:30:03",completed
1336,2457,"2026-04-08 15:12:03",completed
1337,2816,"2026-04-02 15:14:03",completed
1338,285,"2026-03-17 14:19:03",completed
1339,944,"2026-03-29 14:37:03",completed
1340,3774,"2026-03-27 14:52:03",completed
1341,2470,"2026-03-21 15:15:03",completed
1342,2913,"2026-04-02 14:21:03",completed
1343,655,"2026-03-19 14:45:03",completed
1344,297,"2026-04-01 14:29:03",completed
1345,2450,"2026-04-12 14:53:03",completed
1346,1757,"2026-03-21 14:42:03",completed
1347,456,"2026-04-02 14:37:03",completed
1348,4422,"2026-03-21 14:44:03",completed
1349,1326,"2026-03-30 14:33:03",completed
1350,358,"2026-04-10 14:16:03",completed
1351,226,"2026-04-03 14:27:03",completed
1352,4201,"2026-04-07 15:11:03",completed
1353,2146,"2026-03-23 14:20:03",completed
1354,528,"2026-04-03 14:52:03",completed
1355,2006,"2026-04-14 15:03:03",completed
1356,4060,"2026-04-05 14:25:03",completed
1357,4239,"2026-04-10 14:38:03",completed
1358,1231,"2026-03-28 14:40:03",completed
1359,3899,"2026-03-19 15:10:03",completed
1360,2797,"2026-04-14 14:36:03",completed
1361,2082,"2026-03-17 15:12:03",completed
1362,3286,"2026-03-29 14:58:03",completed
1363,2822,"2026-03-22 14:58:03",completed
1364,1339,"2026-04-04 14:39:03",completed
1365,1319,"2026-04-10 15:07:03",completed
1366,1360,"2026-04-09 14:23:03",completed
1367,2984,"2026-03-23 14:18:03",completed
1368,361,"2026-04-14 15:07:03",completed
1369,1056,"2026-03-30 14:25:03",completed
1370,3333,"2026-03-30 14:29:03",completed
1371,1406,"2026-03-25 14:56:03",completed
1372,15,"2026-03-25 14:54:03",completed
1373,2339,"2026-04-13 14:28:03",completed
1374,2006,"2026-03-21 14:22:03",completed
1375,1220,"2026-04-03 15:12:03",completed
1376,868,"2026-04-15 14:39:03",completed
1377,3878,"2026-03-24 14:24:03",completed
1378,2908,"2026-03-26 14:47:03",completed
1379,4114,"2026-04-14 14:27:03",completed
1380,3724,"2026-04-14 14:39:03",completed
1381,1152,"2026-04-14 14:36:03",completed
1382,923,"2026-04-06 14:51:03",completed
1383,1785,"2026-03-23 15:09:03",completed
1384,3631,"2026-03-18 14:59:03",completed
1385,834,"2026-03-28 15:10:03",completed
1386,321,"2026-03-28 14:40:03",completed
1387,542,"2026-03-27 14:31:03",completed
1388,4657,"2026-03-29 14:23:03",completed
1389,1779,"2026-03-31 15:06:03",completed
1390,4052,"2026-04-04 15:06:03",completed
1391,1250,"2026-04-14 14:54:03",completed
1392,2999,"2026-04-03 14:57:03",completed
1393,3892,"2026-04-01 14:48:03",completed
1394,353,"2026-04-08 14:51:03",completed
1395,774,"2026-03-21 14:39:03",completed
1396,3137,"2026-03-30 14:25:03",completed
1397,3111,"2026-04-02 14:52:03",completed
1398,343,"2026-03-30 14:48:03",completed
1399,385,"2026-04-02 15:11:03",completed
1400,1115,"2026-04-06 15:13:03",completed
1401,1592,"2026-04-03 14:20:03",completed
1402,4636,"2026-03-28 14:43:03",completed
1403,4571,"2026-03-22 14:20:03",completed
1404,456,"2026-04-12 14:17:03",completed
1405,1681,"2026-04-08 15:10:03",completed
1406,2689,"2026-04-15 14:43:03",completed
1407,829,"2026-03-21 14:50:03",completed
1408,4611,"2026-03-25 14:45:03",completed
1409,1715,"2026-03-19 15:01:03",completed
1410,4043,"2026-04-13 14:33:03",completed
1411,1284,"2026-03-17 14:28:03",completed
1412,1400,"2026-04-03 14:27:03",completed
1413,2300,"2026-04-14 14:32:03",completed
1414,4928,"2026-03-25 15:07:03",completed
1415,4021,"2026-04-09 14:41:03",completed
1416,3074,"2026-03-26 14:48:03",completed
1417,3219,"2026-04-14 14:40:03",completed
1418,262,"2026-04-12 14:43:03",completed
1419,3990,"2026-04-03 14:20:03",completed
1420,2313,"2026-03-19 15:15:03",completed
1421,2624,"2026-03-20 15:00:03",completed
1422,2364,"2026-03-25 14:59:03",completed
1423,286,"2026-03-29 14:39:03",completed
1424,2897,"2026-03-30 15:05:03",completed
1425,1508,"2026-04-07 15:10:03",completed
1426,2851,"2026-04-07 14:21:03",completed
1427,2616,"2026-04-14 14:59:03",completed
1428,3813,"2026-03-17 14:36:03",completed
1429,2131,"2026-03-21 14:46:03",completed
1430,3162,"2026-04-12 14:49:03",completed
1431,300,"2026-03-28 14:30:03",completed
1432,2817,"2026-03-26 14:47:03",completed
1433,2346,"2026-04-15 15:09:03",completed
1434,4440,"2026-04-05 15:10:03",completed
1435,1600,"2026-04-06 15:05:03",completed
1436,1497,"2026-03-30 14:42:03",completed
1437,2274,"2026-04-06 14:58:03",completed
1438,2587,"2026-03-23 14:29:03",completed
1439,1289,"2026-04-12 15:15:03",completed
1440,2907,"2026-04-09 14:33:03",completed
1441,3518,"2026-03-18 14:46:03",completed
1442,2219,"2026-04-07 14:54:03",completed
1443,1695,"2026-03-28 14:55:03",completed
1444,3773,"2026-03-27 14:38:03",completed
1445,3930,"2026-04-13 15:09:03",completed
1446,4774,"2026-03-18 14:38:03",completed
1447,3873,"2026-03-31 14:24:03",completed
1448,3400,"2026-04-04 14:54:03",completed
1449,3139,"2026-03-31 15:02:03",completed
1450,1509,"2026-04-04 15:12:03",completed
1451,4830,"2026-03-20 14:38:03",completed
1452,3629,"2026-04-09 14:19:03",completed
1453,197,"2026-03-29 14:24:03",completed
1454,3144,"2026-04-08 14:49:03",completed
1455,2713,"2026-04-03 14:38:03",completed
1456,2499,"2026-03-23 14:27:03",completed
1457,4574,"2026-04-09 15:07:03",completed
1458,2742,"2026-04-14 14:56:03",completed
1459,1559,"2026-04-11 15:07:03",completed
1460,2962,"2026-04-09 14:28:03",completed
1461,4287,"2026-04-06 14:43:03",completed
1462,2006,"2026-03-28 14:57:03",completed
1463,3994,"2026-03-22 14:22:03",completed
1464,3967,"2026-03-30 14:41:03",completed
1465,676,"2026-04-15 15:03:03",completed
1466,4201,"2026-03-17 14:56:03",completed
1467,1604,"2026-03-17 15:15:03",completed
1468,3804,"2026-04-12 15:12:03",completed
1469,252,"2026-03-25 14:59:03",completed
1470,4374,"2026-03-30 15:03:03",completed
1471,37,"2026-04-13 15:05:03",completed
1472,3287,"2026-03-30 15:01:03",completed
1473,1644,"2026-03-19 14:34:03",completed
1474,1341,"2026-04-09 14:31:03",completed
1475,3786,"2026-04-04 14:37:03",completed
1476,4344,"2026-04-04 14:19:03",completed
1477,4456,"2026-04-15 14:26:03",completed
1478,3722,"2026-03-23 15:00:03",completed
1479,509,"2026-04-02 14:24:03",completed
1480,4335,"2026-04-15 14:45:03",completed
1481,1336,"2026-03-28 14:19:03",completed
1482,4283,"2026-04-13 15:02:03",completed
1483,1932,"2026-04-12 14:58:03",completed
1484,872,"2026-03-18 14:30:03",completed
1485,4344,"2026-03-23 14:22:03",completed
1486,4627,"2026-03-23 15:02:03",completed
1487,4345,"2026-03-30 14:51:03",completed
1488,4450,"2026-04-09 14:52:03",completed
1489,2081,"2026-03-23 14:34:03",completed
1490,1579,"2026-04-14 14:55:03",completed
1491,1531,"2026-03-28 14:38:03",completed
1492,4766,"2026-04-02 15:12:03",completed
1493,1938,"2026-04-11 14:47:03",completed
1494,848,"2026-04-03 15:06:03",completed
1495,1858,"2026-04-13 14:53:03",completed
1496,1067,"2026-04-08 14:53:03",completed
1497,1723,"2026-04-06 14:28:03",completed
1498,996,"2026-04-14 14:26:03",completed
1499,2325,"2026-04-12 14:32:03",completed
1500,441,"2026-04-08 15:06:03",completed
1501,3268,"2026-03-29 14:39:03",completed
1502,1075,"2026-03-17 14:41:03",completed
1503,2201,"2026-03-27 15:13:03",completed
1504,1611,"2026-03-20 14:45:03",completed
1505,4103,"2026-03-25 14:50:03",completed
1506,3759,"2026-04-15 14:42:03",completed
1507,2273,"2026-03-18 14:45:03",completed
1508,1855,"2026-04-02 14:23:03",completed
1509,3570,"2026-04-09 14:24:03",completed
1510,2510,"2026-03-30 14:35:03",completed
1511,4357,"2026-03-19 14:26:03",completed
1512,452,"2026-04-12 15:10:03",completed
1513,1729,"2026-04-07 14:18:03",completed
1514,4278,"2026-04-13 14:43:03",completed
1515,1004,"2026-03-31 14:27:03",completed
1516,960,"2026-04-10 14:48:03",completed
1517,3315,"2026-04-09 14:25:03",completed
1518,3652,"2026-03-28 14:26:03",completed
1519,4394,"2026-03-25 14:38:03",completed
1520,1606,"2026-03-31 14:37:03",completed
1521,2845,"2026-04-03 14:56:03",completed
1522,3246,"2026-03-29 14:32:03",completed
1523,2001,"2026-03-26 14:39:03",completed
1524,1175,"2026-03-28 14:22:03",completed
1525,3416,"2026-03-20 14:36:03",completed
1526,2503,"2026-03-21 14:40:03",completed
1527,4907,"2026-03-30 14:17:03",completed
1528,1506,"2026-04-11 15:09:03",completed
1529,691,"2026-03-29 14:38:03",completed
1530,4442,"2026-04-11 14:28:03",completed
1531,3181,"2026-03-26 15:09:03",completed
1532,4169,"2026-03-22 15:06:03",completed
1533,1253,"2026-04-02 14:49:03",completed
1534,3491,"2026-03-26 14:31:03",completed
1535,872,"2026-03-24 14:54:03",completed
1536,855,"2026-04-12 14:40:03",completed
1537,1333,"2026-04-06 14:22:03",completed
1538,602,"2026-04-13 14:34:03",completed
1539,4704,"2026-03-28 14:31:03",completed
1540,4140,"2026-03-26 14:36:03",completed
1541,2292,"2026-04-12 15:11:03",completed
1542,3048,"2026-03-17 14:51:03",completed
1543,675,"2026-03-30 14:27:03",completed
1544,937,"2026-04-07 14:25:03",completed
1545,2550,"2026-03-26 14:30:03",completed
1546,2041,"2026-03-19 15:01:03",completed
1547,730,"2026-04-08 14:17:03",completed
1548,1176,"2026-04-01 15:08:03",completed
1549,3217,"2026-04-02 14:33:03",completed
1550,4894,"2026-04-04 15:07:03",completed
1551,4038,"2026-03-28 14:40:03",completed
1552,1040,"2026-03-22 14:43:03",completed
1553,4793,"2026-04-07 14:18:03",completed
1554,2243,"2026-03-19 15:05:03",completed
1555,4728,"2026-03-29 14:17:03",completed
1556,3784,"2026-04-15 14:54:03",completed
1557,674,"2026-04-08 14:22:03",completed
1558,4615,"2026-03-31 14:53:03",completed
1559,3254,"2026-04-05 15:03:03",completed
1560,1073,"2026-04-08 14:20:03",completed
1561,4043,"2026-03-22 15:15:03",completed
1562,40,"2026-03-20 15:01:03",completed
1563,129,"2026-03-30 15:05:03",completed
1564,4027,"2026-03-29 15:07:03",completed
1565,3217,"2026-04-02 15:05:03",completed
1566,3478,"2026-04-02 14:47:03",completed
1567,4039,"2026-03-30 14:23:03",completed
1568,1165,"2026-03-23 14:19:03",completed
1569,2100,"2026-04-14 15:11:03",completed
1570,4987,"2026-03-25 14:40:03",completed
1571,2737,"2026-04-03 14:35:03",completed
1572,3540,"2026-04-07 14:39:03",completed
1573,3824,"2026-03-29 14:16:03",completed
1574,1536,"2026-04-15 15:04:03",completed
1575,2720,"2026-04-01 14:19:03",completed
1576,2074,"2026-03-26 15:07:03",completed
1577,1657,"2026-04-14 14:21:03",completed
1578,3338,"2026-04-09 15:09:03",completed
1579,4062,"2026-04-01 14:29:03",completed
1580,832,"2026-04-10 14:41:03",completed
1581,4092,"2026-04-13 14:41:03",completed
1582,28,"2026-03-25 15:08:03",completed
1583,4451,"2026-03-21 14:21:03",completed
1584,2358,"2026-04-01 15:05:03",completed
1585,3985,"2026-04-01 15:05:03",completed
1586,3827,"2026-04-06 14:58:03",completed
1587,1670,"2026-03-31 14:17:03",completed
1588,125,"2026-03-29 14:16:03",completed
1589,4216,"2026-03-27 15:15:03",completed
1590,3277,"2026-03-27 15:10:03",completed
1591,4534,"2026-04-08 14:48:03",completed
1592,3947,"2026-04-10 15:15:03",completed
1593,604,"2026-03-17 14:38:03",completed
1594,1298,"2026-04-08 15:08:03",completed
1595,1479,"2026-03-19 14:30:03",completed
1596,1002,"2026-04-15 14:50:03",completed
1597,2365,"2026-03-30 14:23:03",completed
1598,3516,"2026-04-09 15:12:03",completed
1599,2736,"2026-03-18 14:36:03",completed
1600,1969,"2026-03-24 15:08:03",completed
1601,2655,"2026-04-15 14:36:03",completed
1602,4155,"2026-04-10 14:22:03",completed
1603,1014,"2026-04-03 14:44:03",completed
1604,3746,"2026-04-13 14:18:03",completed
1605,3794,"2026-03-24 15:03:03",completed
1606,1105,"2026-03-18 15:07:03",completed
1607,3441,"2026-03-27 15:09:03",completed
1608,4559,"2026-04-04 15:11:03",completed
1609,1866,"2026-03-23 15:09:03",completed
1610,2152,"2026-04-07 14:58:03",completed
1611,281,"2026-03-17 15:09:03",completed
1612,2405,"2026-04-06 14:36:03",completed
1613,3557,"2026-03-21 15:15:03",completed
1614,687,"2026-03-19 15:14:03",completed
1615,3648,"2026-04-12 15:07:03",completed
1616,1605,"2026-04-07 14:40:03",completed
1617,1073,"2026-03-20 14:42:03",completed
1618,1519,"2026-04-01 15:13:03",completed
1619,2110,"2026-03-28 14:44:03",completed
1620,262,"2026-03-23 14:47:03",completed
1621,985,"2026-03-18 14:26:03",completed
1622,2858,"2026-04-14 14:35:03",completed
1623,2737,"2026-04-04 14:22:03",completed
1624,1544,"2026-03-26 14:50:03",completed
1625,1565,"2026-03-17 14:46:03",completed
1626,3670,"2026-04-10 15:08:03",completed
1627,697,"2026-03-27 15:03:03",completed
1628,945,"2026-04-09 14:37:03",completed
1629,1794,"2026-04-02 14:42:03",completed
1630,921,"2026-03-28 14:20:03",completed
1631,4275,"2026-04-05 14:22:03",completed
1632,3891,"2026-03-30 14:33:03",completed
1633,1401,"2026-03-30 14:22:03",completed
1634,2664,"2026-04-15 14:56:03",completed
1635,1509,"2026-03-21 14:19:03",completed
1636,300,"2026-03-18 14:32:03",completed
1637,211,"2026-04-08 14:27:03",completed
1638,4005,"2026-03-28 14:23:03",completed
1639,3236,"2026-03-31 14:21:03",completed
1640,4136,"2026-04-12 14:19:03",completed
1641,4853,"2026-04-13 15:15:03",completed
1642,2053,"2026-04-07 15:06:03",completed
1643,4709,"2026-03-17 14:26:03",completed
1644,2235,"2026-04-05 14:39:03",completed
1645,879,"2026-04-05 14:42:03",completed
1646,4335,"2026-04-05 15:15:03",completed
1647,4714,"2026-04-14 14:55:03",completed
1648,4145,"2026-03-19 14:34:03",completed
1649,3609,"2026-04-14 14:50:03",completed
1650,1654,"2026-04-01 15:13:03",completed
1651,4765,"2026-04-14 14:20:03",completed
1652,908,"2026-04-06 14:45:03",completed
1653,8,"2026-03-21 14:29:03",completed
1654,2662,"2026-03-24 14:57:03",completed
1655,4528,"2026-03-22 15:00:03",completed
1656,4309,"2026-04-11 14:56:03",completed
1657,433,"2026-03-20 14:22:03",completed
1658,3424,"2026-03-18 14:45:03",completed
1659,708,"2026-04-03 14:27:03",completed
1660,1805,"2026-03-27 14:42:03",completed
1661,3136,"2026-04-03 14:52:03",completed
1662,1403,"2026-03-22 15:02:03",completed
1663,2171,"2026-03-20 14:16:03",completed
1664,3633,"2026-04-15 14:59:03",completed
1665,942,"2026-04-14 14:51:03",completed
1666,908,"2026-03-27 15:04:03",completed
1667,2984,"2026-04-02 14:31:03",completed
1668,227,"2026-03-21 15:09:03",completed
1669,3020,"2026-04-07 14:57:03",completed
1670,2253,"2026-03-17 15:01:03",completed
1671,821,"2026-04-05 14:58:03",completed
1672,3238,"2026-04-09 14:30:03",completed
1673,1705,"2026-03-26 14:22:03",completed
1674,3291,"2026-04-04 15:03:03",completed
1675,2328,"2026-03-31 14:56:03",completed
1676,2015,"2026-04-09 14:16:03",completed
1677,4944,"2026-03-31 14:16:03",completed
1678,2682,"2026-04-13 14:16:03",completed
1679,4823,"2026-03-30 14:16:03",completed
1680,4137,"2026-03-19 14:18:03",completed
1681,3126,"2026-04-11 14:27:03",completed
1682,437,"2026-03-24 15:04:03",completed
1683,2,"2026-04-15 14:43:03",completed
1684,965,"2026-03-25 15:10:03",completed
1685,2380,"2026-03-19 14:25:03",completed
1686,911,"2026-04-14 14:18:03",completed
1687,4606,"2026-04-11 14:58:03",completed
1688,1240,"2026-03-27 14:43:03",completed
1689,138,"2026-03-27 14:27:03",completed
1690,3429,"2026-04-09 14:47:03",completed
1691,2388,"2026-04-14 14:22:03",completed
1692,3336,"2026-04-05 15:11:03",completed
1693,239,"2026-04-08 14:35:03",completed
1694,3242,"2026-03-29 15:06:03",completed
1695,2780,"2026-04-14 14:30:03",completed
1696,4128,"2026-04-04 14:57:03",completed
1697,4256,"2026-03-25 14:58:03",completed
1698,4329,"2026-03-21 14:46:03",completed
1699,39,"2026-03-27 14:39:03",completed
1700,4662,"2026-04-03 14:41:03",completed
1701,491,"2026-03-30 15:13:03",completed
1702,4508,"2026-04-09 14:47:03",completed
1703,375,"2026-04-13 14:58:03",completed
1704,2691,"2026-03-28 15:15:03",completed
1705,3983,"2026-04-06 15:07:03",completed
1706,136,"2026-03-20 14:32:03",completed
1707,794,"2026-04-10 15:06:03",completed
1708,4574,"2026-04-06 14:36:03",completed
1709,1147,"2026-03-25 14:27:03",completed
1710,4996,"2026-04-10 15:10:03",completed
1711,1257,"2026-03-26 14:17:03",completed
1712,4987,"2026-04-13 14:37:03",completed
1713,4267,"2026-03-29 15:00:03",completed
1714,351,"2026-03-27 14:55:03",completed
1715,707,"2026-04-06 14:17:03",completed
1716,1860,"2026-03-19 14:24:03",completed
1717,3863,"2026-03-28 14:53:03",completed
1718,1530,"2026-04-13 14:58:03",completed
1719,2727,"2026-03-20 14:55:03",completed
1720,1487,"2026-04-06 14:26:03",completed
1721,1733,"2026-04-04 15:09:03",completed
1722,1226,"2026-03-24 15:14:03",completed
1723,1988,"2026-04-06 14:24:03",completed
1724,1555,"2026-03-30 15:04:03",completed
1725,3145,"2026-03-19 14:51:03",completed
1726,4182,"2026-03-23 14:48:03",completed
1727,1716,"2026-04-02 15:12:03",completed
1728,828,"2026-03-25 14:20:03",completed
1729,321,"2026-03-28 14:48:03",completed
1730,3430,"2026-04-04 14:46:03",completed
1731,3770,"2026-04-09 15:11:03",completed
1732,3825,"2026-03-17 14:20:03",completed
1733,1279,"2026-03-19 14:51:03",completed
1734,3925,"2026-03-30 15:01:03",completed
1735,3159,"2026-04-04 15:15:03",completed
1736,3352,"2026-04-07 14:58:03",completed
1737,1559,"2026-03-25 14:51:03",completed
1738,3247,"2026-04-15 15:04:03",completed
1739,3429,"2026-04-06 14:32:03",completed
1740,4527,"2026-03-26 15:12:03",completed
1741,1882,"2026-04-11 15:08:03",completed
1742,26,"2026-03-18 14:50:03",completed
1743,2327,"2026-03-30 14:31:03",completed
1744,1340,"2026-04-10 14:47:03",completed
1745,4158,"2026-03-18 15:09:03",completed
1746,65,"2026-04-13 15:07:03",completed
1747,2044,"2026-03-25 14:53:03",completed
1748,2175,"2026-03-29 14:47:03",completed
1749,4818,"2026-04-04 15:02:03",completed
1750,1659,"2026-04-07 14:35:03",completed
1751,758,"2026-03-25 14:31:03",completed
1752,1616,"2026-04-07 14:36:03",completed
1753,2434,"2026-04-03 15:13:03",completed
1754,468,"2026-04-09 14:58:03",completed
1755,785,"2026-04-15 14:58:03",completed
1756,1513,"2026-03-24 14:38:03",completed
1757,920,"2026-03-27 15:02:03",completed
1758,3402,"2026-04-05 14:58:03",completed
1759,2849,"2026-03-19 14:32:03",completed
1760,4176,"2026-03-22 14:30:03",completed
1761,2496,"2026-03-29 14:38:03",completed
1762,3466,"2026-04-12 14:25:03",completed
1763,945,"2026-03-17 14:57:03",completed
1764,3414,"2026-04-08 15:13:03",completed
1765,396,"2026-04-14 14:58:03",completed
1766,3992,"2026-03-26 14:58:03",completed
1767,933,"2026-03-28 14:38:03",completed
1768,1592,"2026-03-30 15:02:03",completed
1769,1956,"2026-03-31 14:59:03",completed
1770,2632,"2026-03-24 14:34:03",completed
1771,1373,"2026-03-30 14:38:03",completed
1772,808,"2026-03-29 15:11:03",completed
1773,2964,"2026-03-22 14:47:03",completed
1774,2713,"2026-03-31 15:08:03",completed
1775,4302,"2026-03-18 15:01:03",completed
1776,2148,"2026-03-26 14:26:03",completed
1777,777,"2026-03-20 14:50:03",completed
1778,327,"2026-04-06 14:37:03",completed
1779,4519,"2026-03-27 14:22:03",completed
1780,3722,"2026-04-15 14:41:03",completed
1781,1750,"2026-03-23 15:06:03",completed
1782,4319,"2026-04-10 15:10:03",completed
1783,3859,"2026-03-24 14:18:03",completed
1784,4610,"2026-03-30 14:44:03",completed
1785,1460,"2026-04-09 14:32:03",completed
1786,4801,"2026-04-02 15:10:03",completed
1787,1697,"2026-03-23 14:59:03",completed
1788,337,"2026-03-22 15:08:03",completed
1789,4983,"2026-03-29 14:28:03",completed
1790,865,"2026-03-27 14:40:03",completed
1791,3994,"2026-03-17 14:43:03",completed
1792,378,"2026-03-26 14:19:03",completed
1793,4133,"2026-04-15 15:09:03",completed
1794,2969,"2026-03-25 14:31:03",completed
1795,2904,"2026-04-11 14:54:03",completed
1796,4783,"2026-03-18 14:43:03",completed
1797,1354,"2026-04-12 14:38:03",completed
1798,3599,"2026-04-08 14:45:03",completed
1799,1259,"2026-04-07 14:34:03",completed
1800,814,"2026-03-28 14:19:03",completed
1801,913,"2026-04-09 14:40:03",completed
1802,2993,"2026-03-21 15:07:03",completed
1803,2782,"2026-03-24 14:19:03",completed
1804,349,"2026-03-26 15:00:03",completed
1805,1835,"2026-04-02 14:47:03",completed
1806,445,"2026-03-25 14:38:03",completed
1807,4357,"2026-03-25 14:36:03",completed
1808,1477,"2026-04-01 14:51:03",completed
1809,4932,"2026-03-28 15:10:03",completed
1810,1818,"2026-04-14 15:00:03",completed
1811,1163,"2026-04-07 14:17:03",completed
1812,2507,"2026-04-10 15:10:03",completed
1813,929,"2026-04-01 14:42:03",completed
1814,338,"2026-03-23 14:44:03",completed
1815,2112,"2026-03-22 14:21:03",completed
1816,2224,"2026-04-15 15:14:03",completed
1817,4021,"2026-04-09 14:54:03",completed
1818,2458,"2026-04-11 14:32:03",completed
1819,2325,"2026-03-28 14:42:03",completed
1820,3595,"2026-04-07 14:37:03",completed
1821,4743,"2026-03-29 14:46:03",completed
1822,1639,"2026-03-29 14:45:03",completed
1823,2876,"2026-04-08 15:08:03",completed
1824,4807,"2026-03-29 15:13:03",completed
1825,644,"2026-04-13 14:24:03",completed
1826,2883,"2026-03-21 15:04:03",completed
1827,1193,"2026-04-14 14:51:03",completed
1828,3231,"2026-03-23 14:51:03",completed
1829,3130,"2026-03-22 14:26:03",completed
1830,1994,"2026-03-31 14:19:03",completed
1831,4968,"2026-04-02 15:05:03",completed
1832,762,"2026-04-06 15:11:03",completed
1833,4923,"2026-04-02 14:25:03",completed
1834,1452,"2026-04-03 15:15:03",completed
1835,1617,"2026-04-02 14:43:03",completed
1836,2801,"2026-03-17 14:37:03",completed
1837,3181,"2026-04-08 14:39:03",completed
1838,4082,"2026-04-15 15:10:03",completed
1839,4241,"2026-03-27 14:39:03",completed
1840,3071,"2026-04-12 14:27:03",completed
1841,4117,"2026-03-25 15:02:03",completed
1842,4324,"2026-03-20 14:35:03",completed
1843,2267,"2026-04-06 14:34:03",completed
1844,3146,"2026-03-24 14:49:03",completed
1845,4708,"2026-04-05 15:09:03",completed
1846,3357,"2026-03-28 15:03:03",completed
1847,2312,"2026-04-01 14:32:03",completed
1848,3390,"2026-03-24 15:15:03",completed
1849,4272,"2026-04-09 14:25:03",completed
1850,4841,"2026-03-18 15:05:03",completed
1851,1813,"2026-03-21 14:53:03",completed
1852,3271,"2026-04-07 14:56:03",completed
1853,1498,"2026-04-11 14:47:03",completed
1854,3014,"2026-03-26 14:49:03",completed
1855,601,"2026-03-30 14:29:03",completed
1856,3090,"2026-03-22 14:41:03",completed
1857,17,"2026-04-13 14:45:03",completed
1858,1150,"2026-03-27 14:24:03",completed
1859,393,"2026-04-02 14:32:03",completed
1860,3810,"2026-04-09 15:13:03",completed
1861,4354,"2026-04-04 15:12:03",completed
1862,2568,"2026-04-05 15:04:03",completed
1863,3872,"2026-04-15 14:32:03",completed
1864,3014,"2026-04-05 15:10:03",completed
1865,3756,"2026-04-10 15:00:03",completed
1866,4034,"2026-03-17 15:12:03",completed
1867,804,"2026-04-04 14:45:03",completed
1868,1397,"2026-03-28 14:54:03",completed
1869,4777,"2026-03-23 15:01:03",completed
1870,1915,"2026-03-17 15:06:03",completed
1871,2228,"2026-04-13 15:13:03",completed
1872,1001,"2026-03-28 14:29:03",completed
1873,934,"2026-04-11 14:32:03",completed
1874,3341,"2026-03-26 14:56:03",completed
1875,1647,"2026-03-30 14:48:03",completed
1876,1019,"2026-04-08 14:59:03",completed
1877,376,"2026-04-02 15:13:03",completed
1878,4275,"2026-04-11 14:52:03",completed
1879,1198,"2026-04-12 14:26:03",completed
1880,3960,"2026-04-06 14:18:03",completed
1881,4651,"2026-03-29 14:56:03",completed
1882,3025,"2026-04-12 14:29:03",completed
1883,249,"2026-04-11 14:25:03",completed
1884,832,"2026-03-28 14:20:03",completed
1885,4653,"2026-04-14 15:12:03",completed
1886,415,"2026-04-02 14:45:03",completed
1887,496,"2026-04-13 14:52:03",completed
1888,397,"2026-03-17 14:49:03",completed
1889,4792,"2026-03-26 15:13:03",completed
1890,4627,"2026-03-22 14:24:03",completed
1891,926,"2026-04-13 15:05:03",completed
1892,134,"2026-04-14 14:57:03",completed
1893,1308,"2026-03-18 14:17:03",completed
1894,2792,"2026-03-28 14:17:03",completed
1895,1446,"2026-04-08 14:17:03",completed
1896,3277,"2026-04-13 14:18:03",completed
1897,3350,"2026-03-22 14:26:03",completed
1898,1757,"2026-03-30 15:01:03",completed
1899,993,"2026-03-23 14:32:03",completed
1900,3931,"2026-04-13 14:21:03",completed
1901,402,"2026-04-12 14:51:03",completed
1902,2351,"2026-03-23 14:59:03",completed
1903,2118,"2026-03-19 15:06:03",completed
1904,3274,"2026-04-01 14:19:03",completed
1905,4692,"2026-04-07 14:59:03",completed
1906,1465,"2026-04-10 14:42:03",completed
1907,1742,"2026-03-22 14:17:03",completed
1908,2852,"2026-04-11 15:04:03",completed
1909,1644,"2026-03-30 15:13:03",completed
1910,2093,"2026-04-11 14:38:03",completed
1911,2253,"2026-03-29 14:16:03",completed
1912,3256,"2026-03-26 15:11:03",completed
1913,4710,"2026-03-26 14:50:03",completed
1914,285,"2026-04-06 14:24:03",completed
1915,3054,"2026-04-04 15:14:03",completed
1916,4666,"2026-03-26 14:41:03",completed
1917,37,"2026-04-14 14:28:03",completed
1918,1476,"2026-04-02 15:04:03",completed
1919,2577,"2026-03-27 14:38:03",completed
1920,3849,"2026-03-24 14:42:03",completed
1921,1558,"2026-04-07 14:23:03",completed
1922,4244,"2026-04-01 14:30:03",completed
1923,2335,"2026-04-06 15:09:03",completed
1924,2677,"2026-04-15 14:57:03",completed
1925,4791,"2026-04-11 15:03:03",completed
1926,830,"2026-03-29 15:08:03",completed
1927,1649,"2026-03-18 15:15:03",completed
1928,4969,"2026-04-11 14:38:03",completed
1929,3234,"2026-03-29 15:07:03",completed
1930,2375,"2026-04-14 14:26:03",completed
1931,4095,"2026-03-31 14:34:03",completed
1932,3186,"2026-04-09 14:17:03",completed
1933,2365,"2026-04-08 14:27:03",completed
1934,2526,"2026-04-10 15:07:03",completed
1935,791,"2026-04-04 15:02:03",completed
1936,2142,"2026-03-20 14:30:03",completed
1937,456,"2026-04-13 15:10:03",completed
1938,1456,"2026-04-05 15:04:03",completed
1939,2283,"2026-04-13 14:35:03",completed
1940,399,"2026-03-26 14:28:03",completed
1941,4016,"2026-04-06 14:17:03",completed
1942,1650,"2026-03-30 14:47:03",completed
1943,2291,"2026-04-15 14:49:03",completed
1944,1424,"2026-03-18 14:26:03",completed
1945,546,"2026-04-04 14:29:03",completed
1946,1527,"2026-03-29 14:53:03",completed
1947,1628,"2026-03-29 14:41:03",completed
1948,1065,"2026-04-10 14:30:03",completed
1949,2040,"2026-03-26 15:13:03",completed
1950,4791,"2026-04-08 14:19:03",completed
1951,3468,"2026-04-09 14:43:03",completed
1952,1651,"2026-03-24 14:19:03",completed
1953,4197,"2026-04-01 15:10:03",completed
1954,4408,"2026-04-07 14:40:03",completed
1955,3057,"2026-03-27 14:32:03",completed
1956,2942,"2026-04-14 14:25:03",completed
1957,2686,"2026-03-31 15:13:03",completed
1958,2923,"2026-03-31 14:37:03",completed
1959,4633,"2026-03-26 15:10:03",completed
1960,179,"2026-04-15 14:45:03",completed
1961,3566,"2026-04-03 14:57:03",completed
1962,3033,"2026-03-27 14:17:03",completed
1963,4631,"2026-03-30 14:17:03",completed
1964,2015,"2026-04-07 14:20:03",completed
1965,809,"2026-03-24 14:33:03",completed
1966,4305,"2026-03-19 14:28:03",completed
1967,1936,"2026-04-01 14:28:03",completed
1968,1034,"2026-03-18 14:41:03",completed
1969,2356,"2026-04-01 14:42:03",completed
1970,3885,"2026-03-19 15:14:03",completed
1971,715,"2026-04-06 14:48:03",completed
1972,608,"2026-03-21 15:02:03",completed
1973,71,"2026-04-04 14:29:03",completed
1974,2791,"2026-04-14 15:07:03",completed
1975,3455,"2026-03-17 14:49:03",completed
1976,2473,"2026-03-20 14:32:03",completed
1977,3800,"2026-03-26 14:55:03",completed
1978,2736,"2026-04-15 14:42:03",completed
1979,3074,"2026-03-24 14:32:03",completed
1980,2953,"2026-03-23 14:17:03",completed
1981,3106,"2026-04-07 14:32:03",completed
1982,1372,"2026-03-19 14:35:03",completed
1983,2617,"2026-04-14 15:03:03",completed
1984,1418,"2026-04-03 15:14:03",completed
1985,3960,"2026-03-25 14:46:03",completed
1986,4507,"2026-04-09 14:52:03",completed
1987,2757,"2026-03-22 14:46:03",completed
1988,4852,"2026-03-19 15:00:03",completed
1989,3043,"2026-03-28 14:25:03",completed
1990,4244,"2026-03-24 14:51:03",completed
1991,1811,"2026-03-20 14:45:03",completed
1992,4672,"2026-04-04 14:55:03",completed
1993,4558,"2026-03-23 15:05:03",completed
1994,1128,"2026-03-24 14:26:03",completed
1995,4310,"2026-04-05 14:39:03",completed
1996,2128,"2026-03-28 14:40:03",completed
1997,3533,"2026-03-29 15:09:03",completed
