payment_id,order_id,payment_date,payment_method,payment_status,amount
1,101,"2023-04-01 10:16:00",UPI,success,1300.00
2,102,"2023-04-02 09:26:00",card,success,700.00
3,103,"2023-04-04 16:31:00",COD,success,600.00
4,101,"2026-04-15 14:48:53",card,success,2190.00
5,102,"2026-04-15 14:48:53",COD,success,3287.00
6,103,"2026-04-15 14:48:53",card,success,2046.00
7,1001,"2026-04-15 14:48:53",card,failed,969.00
8,1002,"2026-04-15 14:48:53",card,success,104.00
9,1003,"2026-04-15 14:48:53",card,success,2013.00
10,1004,"2026-04-15 14:48:53",UPI,success,4619.00
11,1005,"2026-04-15 14:48:53",card,success,1662.00
12,1006,"2026-04-15 14:48:53",card,success,586.00
13,1007,"2026-04-15 14:48:53",card,success,3630.00
14,1008,"2026-04-15 14:48:53",card,failed,332.00
15,1009,"2026-04-15 14:48:53",UPI,success,1362.00
16,1010,"2026-04-15 14:48:53",COD,success,1748.00
17,1011,"2026-04-15 14:48:53",COD,success,1020.00
18,1012,"2026-04-15 14:48:53",UPI,success,412.00
19,1013,"2026-04-15 14:48:53",UPI,success,453.00
20,1014,"2026-04-15 14:48:53",UPI,success,1053.00
21,1015,"2026-04-15 14:48:53",card,failed,1668.00
22,1016,"2026-04-15 14:48:53",COD,success,2657.00
23,1017,"2026-04-15 14:48:53",card,success,867.00
24,1018,"2026-04-15 14:48:53",UPI,success,284.00
25,1019,"2026-04-15 14:48:53",COD,success,2640.00
26,1020,"2026-04-15 14:48:53",COD,success,570.00
27,1021,"2026-04-15 14:48:53",card,success,1874.00
28,1022,"2026-04-15 14:48:53",COD,success,2896.00
29,1023,"2026-04-15 14:48:53",COD,success,2634.00
30,1024,"2026-04-15 14:48:53",UPI,success,2872.00
31,1025,"2026-04-15 14:48:53",card,success,626.00
32,1026,"2026-04-15 14:48:53",COD,success,2274.00
33,1027,"2026-04-15 14:48:53",COD,failed,3132.00
34,1028,"2026-04-15 14:48:53",UPI,success,516.00
35,1029,"2026-04-15 14:48:53",UPI,failed,483.00
36,1030,"2026-04-15 14:48:53",card,success,152.00
37,1031,"2026-04-15 14:48:53",COD,success,528.00
38,1032,"2026-04-15 14:48:53",UPI,success,508.00
39,1033,"2026-04-15 14:48:53",card,success,630.00
40,1034,"2026-04-15 14:48:53",card,failed,1764.00
41,1035,"2026-04-15 14:48:53",UPI,success,419.00
42,1036,"2026-04-15 14:48:53",COD,success,2069.00
43,1037,"2026-04-15 14:48:53",UPI,success,2118.00
44,1038,"2026-04-15 14:48:53",card,success,1402.00
45,1039,"2026-04-15 14:48:53",UPI,success,1110.00
46,1040,"2026-04-15 14:48:53",UPI,success,1227.00
47,1041,"2026-04-15 14:48:53",card,success,1027.00
48,1042,"2026-04-15 14:48:53",UPI,success,3898.00
49,1043,"2026-04-15 14:48:53",card,failed,572.00
50,1044,"2026-04-15 14:48:53",COD,failed,4099.00
51,1045,"2026-04-15 14:48:53",COD,success,954.00
52,1046,"2026-04-15 14:48:53",UPI,failed,2394.00
53,1047,"2026-04-15 14:48:53",card,success,2940.00
54,1048,"2026-04-15 14:48:53",COD,success,2932.00
55,1049,"2026-04-15 14:48:53",UPI,failed,2911.00
56,1050,"2026-04-15 14:48:53",UPI,success,924.00
57,1051,"2026-04-15 14:48:53",COD,success,2373.00
58,1052,"2026-04-15 14:48:53",UPI,failed,401.00
59,1053,"2026-04-15 14:48:53",card,success,2366.00
60,1054,"2026-04-15 14:48:53",COD,success,507.00
61,1055,"2026-04-15 14:48:53",UPI,failed,2122.00
62,1056,"2026-04-15 14:48:53",card,success,763.00
63,1057,"2026-04-15 14:48:53",UPI,success,1650.00
64,1058,"2026-04-15 14:48:53",card,success,1830.00
65,1059,"2026-04-15 14:48:53",card,failed,952.00
66,1060,"2026-04-15 14:48:53",card,success,2688.00
67,1061,"2026-04-15 14:48:53",UPI,success,1726.00
68,1062,"2026-04-15 14:48:53",card,success,626.00
69,1063,"2026-04-15 14:48:53",UPI,success,3474.00
70,1064,"2026-04-15 14:48:53",COD,success,2896.00
71,1065,"2026-04-15 14:48:53",card,success,396.00
72,1066,"2026-04-15 14:48:53",COD,success,2134.00
73,1067,"2026-04-15 14:48:53",COD,success,645.00
74,1068,"2026-04-15 14:48:53",COD,success,946.00
75,1069,"2026-04-15 14:48:53",COD,success,1348.00
76,1070,"2026-04-15 14:48:53",card,success,205.00
77,1071,"2026-04-15 14:48:53",COD,success,1184.00
78,1072,"2026-04-15 14:48:53",UPI,success,734.00
79,1073,"2026-04-15 14:48:53",UPI,success,2940.00
80,1074,"2026-04-15 14:48:53",UPI,success,897.00
81,1075,"2026-04-15 14:48:53",COD,success,1966.00
82,1076,"2026-04-15 14:48:53",card,success,762.00
83,1077,"2026-04-15 14:48:53",COD,success,614.00
84,1078,"2026-04-15 14:48:53",UPI,success,2942.00
85,1079,"2026-04-15 14:48:53",UPI,success,2111.00
86,1080,"2026-04-15 14:48:53",card,success,1148.00
87,1081,"2026-04-15 14:48:53",UPI,success,898.00
88,1082,"2026-04-15 14:48:53",COD,success,1303.00
89,1083,"2026-04-15 14:48:53",COD,success,3927.00
90,1084,"2026-04-15 14:48:53",card,failed,1702.00
91,1085,"2026-04-15 14:48:53",card,success,2355.00
92,1086,"2026-04-15 14:48:53",COD,success,1490.00
93,1087,"2026-04-15 14:48:53",COD,success,1052.00
94,1088,"2026-04-15 14:48:53",UPI,success,1194.00
95,1089,"2026-04-15 14:48:53",COD,success,510.00
96,1090,"2026-04-15 14:48:53",COD,success,3204.00
97,1091,"2026-04-15 14:48:53",card,success,1968.00
98,1092,"2026-04-15 14:48:53",COD,failed,2070.00
99,1093,"2026-04-15 14:48:53",card,success,323.00
100,1094,"2026-04-15 14:48:53",UPI,success,995.00
101,1095,"2026-04-15 14:48:53",UPI,success,1345.00
102,1096,"2026-04-15 14:48:53",card,success,1022.00
103,1097,"2026-04-15 14:48:53",card,success,1882.00
104,1098,"2026-04-15 14:48:53",COD,success,438.00
105,1099,"2026-04-15 14:48:53",card,success,1018.00
106,1100,"2026-04-15 14:48:53",COD,success,564.00
107,1101,"2026-04-15 14:48:53",UPI,success,1433.00
108,1102,"2026-04-15 14:48:53",COD,success,2664.00
109,1103,"2026-04-15 14:48:53",card,failed,2289.00
110,1104,"2026-04-15 14:48:53",COD,success,2757.00
111,1105,"2026-04-15 14:48:53",COD,success,811.00
112,1106,"2026-04-15 14:48:53",UPI,success,687.00
113,1107,"2026-04-15 14:48:53",COD,success,1794.00
114,1108,"2026-04-15 14:48:53",COD,success,1230.00
115,1109,"2026-04-15 14:48:53",card,success,919.00
116,1110,"2026-04-15 14:48:53",UPI,success,1541.00
117,1111,"2026-04-15 14:48:53",COD,success,1123.00
118,1112,"2026-04-15 14:48:53",card,success,1944.00
119,1113,"2026-04-15 14:48:53",COD,success,269.00
120,1114,"2026-04-15 14:48:53",COD,success,894.00
121,1115,"2026-04-15 14:48:53",UPI,success,1920.00
122,1116,"2026-04-15 14:48:53",COD,success,1248.00
123,1117,"2026-04-15 14:48:53",COD,success,2463.00
124,1118,"2026-04-15 14:48:53",COD,success,1331.00
125,1119,"2026-04-15 14:48:53",card,success,1354.00
126,1120,"2026-04-15 14:48:53",card,success,840.00
127,1121,"2026-04-15 14:48:53",card,success,570.00
128,1122,"2026-04-15 14:48:53",COD,success,967.00
129,1123,"2026-04-15 14:48:53",COD,success,1424.00
130,1124,"2026-04-15 14:48:53",COD,success,893.00
131,1125,"2026-04-15 14:48:53",UPI,success,408.00
132,1126,"2026-04-15 14:48:53",card,success,834.00
133,1127,"2026-04-15 14:48:53",card,success,1782.00
134,1128,"2026-04-15 14:48:53",UPI,success,2416.00
135,1129,"2026-04-15 14:48:53",UPI,success,2127.00
136,1130,"2026-04-15 14:48:53",UPI,success,456.00
137,1131,"2026-04-15 14:48:53",COD,success,734.00
138,1132,"2026-04-15 14:48:53",UPI,success,2938.00
139,1133,"2026-04-15 14:48:53",card,success,414.00
140,1134,"2026-04-15 14:48:53",card,success,1426.00
141,1135,"2026-04-15 14:48:53",UPI,success,1326.00
142,1136,"2026-04-15 14:48:53",card,success,2388.00
143,1137,"2026-04-15 14:48:53",UPI,success,1270.00
144,1138,"2026-04-15 14:48:53",COD,success,664.00
145,1139,"2026-04-15 14:48:53",UPI,success,2535.00
146,1140,"2026-04-15 14:48:53",UPI,success,141.00
147,1141,"2026-04-15 14:48:53",card,success,1762.00
148,1142,"2026-04-15 14:48:53",card,success,1048.00
149,1143,"2026-04-15 14:48:53",COD,success,2706.00
150,1144,"2026-04-15 14:48:53",COD,success,1486.00
151,1145,"2026-04-15 14:48:53",card,success,2238.00
152,1146,"2026-04-15 14:48:53",card,success,1638.00
153,1147,"2026-04-15 14:48:53",UPI,success,2860.00
154,1148,"2026-04-15 14:48:53",card,success,555.00
155,1149,"2026-04-15 14:48:53",card,success,522.00
156,1150,"2026-04-15 14:48:53",UPI,success,3238.00
157,1151,"2026-04-15 14:48:53",COD,success,1566.00
158,1152,"2026-04-15 14:48:53",card,failed,2100.00
159,1153,"2026-04-15 14:48:53",COD,success,1931.00
160,1154,"2026-04-15 14:48:53",UPI,success,588.00
161,1155,"2026-04-15 14:48:53",card,success,637.00
162,1156,"2026-04-15 14:48:53",UPI,success,776.00
163,1157,"2026-04-15 14:48:53",UPI,success,726.00
164,1158,"2026-04-15 14:48:53",card,success,2348.00
165,1159,"2026-04-15 14:48:53",card,success,1831.00
166,1160,"2026-04-15 14:48:53",UPI,success,1926.00
167,1161,"2026-04-15 14:48:53",card,success,636.00
168,1162,"2026-04-15 14:48:53",COD,failed,1909.00
169,1163,"2026-04-15 14:48:53",UPI,success,1122.00
170,1164,"2026-04-15 14:48:53",COD,success,1214.00
171,1165,"2026-04-15 14:48:53",card,success,2699.00
172,1166,"2026-04-15 14:48:53",UPI,success,434.00
173,1167,"2026-04-15 14:48:53",card,success,1208.00
174,1168,"2026-04-15 14:48:53",UPI,success,1662.00
175,1169,"2026-04-15 14:48:53",card,success,1923.00
176,1170,"2026-04-15 14:48:53",UPI,success,2175.00
177,1171,"2026-04-15 14:48:53",COD,success,3516.00
178,1172,"2026-04-15 14:48:53",COD,success,2295.00
179,1173,"2026-04-15 14:48:53",card,success,1302.00
180,1174,"2026-04-15 14:48:53",card,success,3536.00
181,1175,"2026-04-15 14:48:53",COD,success,1749.00
182,1176,"2026-04-15 14:48:53",COD,success,1616.00
183,1177,"2026-04-15 14:48:53",UPI,success,2097.00
184,1178,"2026-04-15 14:48:53",UPI,success,2566.00
185,1179,"2026-04-15 14:48:53",card,success,823.00
186,1180,"2026-04-15 14:48:53",UPI,success,743.00
187,1181,"2026-04-15 14:48:53",COD,success,1220.00
188,1182,"2026-04-15 14:48:53",COD,success,1918.00
189,1183,"2026-04-15 14:48:53",UPI,success,2704.00
190,1184,"2026-04-15 14:48:53",card,failed,1036.00
191,1185,"2026-04-15 14:48:53",COD,success,1826.00
192,1186,"2026-04-15 14:48:53",COD,success,362.00
193,1187,"2026-04-15 14:48:53",UPI,success,2203.00
194,1188,"2026-04-15 14:48:53",card,success,1437.00
195,1189,"2026-04-15 14:48:53",UPI,success,1074.00
196,1190,"2026-04-15 14:48:53",UPI,success,615.00
197,1191,"2026-04-15 14:48:53",UPI,success,991.00
198,1192,"2026-04-15 14:48:53",card,success,1515.00
199,1193,"2026-04-15 14:48:53",COD,success,1237.00
200,1194,"2026-04-15 14:48:53",card,success,1644.00
201,1195,"2026-04-15 14:48:53",COD,success,3464.00
202,1196,"2026-04-15 14:48:53",COD,success,234.00
203,1197,"2026-04-15 14:48:53",COD,success,474.00
204,1198,"2026-04-15 14:48:53",UPI,success,620.00
205,1199,"2026-04-15 14:48:53",COD,success,780.00
206,1200,"2026-04-15 14:48:53",COD,success,977.00
207,1201,"2026-04-15 14:48:53",card,success,2256.00
208,1202,"2026-04-15 14:48:53",COD,success,1724.00
209,1203,"2026-04-15 14:48:53",COD,success,292.00
210,1204,"2026-04-15 14:48:53",COD,success,1590.00
211,1205,"2026-04-15 14:48:53",UPI,failed,1188.00
212,1206,"2026-04-15 14:48:53",card,failed,1202.00
213,1207,"2026-04-15 14:48:53",card,success,2811.00
214,1208,"2026-04-15 14:48:53",COD,success,2300.00
215,1209,"2026-04-15 14:48:53",COD,success,590.00
216,1210,"2026-04-15 14:48:53",COD,success,3195.00
217,1211,"2026-04-15 14:48:53",UPI,success,1300.00
218,1212,"2026-04-15 14:48:53",card,success,745.00
219,1213,"2026-04-15 14:48:53",UPI,success,1832.00
220,1214,"2026-04-15 14:48:53",COD,success,1304.00
221,1215,"2026-04-15 14:48:53",UPI,success,1950.00
222,1216,"2026-04-15 14:48:53",COD,success,3174.00
223,1217,"2026-04-15 14:48:53",card,success,2895.00
224,1218,"2026-04-15 14:48:53",UPI,failed,910.00
225,1219,"2026-04-15 14:48:53",card,success,447.00
226,1220,"2026-04-15 14:48:53",UPI,success,1004.00
227,1221,"2026-04-15 14:48:53",COD,success,2187.00
228,1222,"2026-04-15 14:48:53",UPI,success,392.00
229,1223,"2026-04-15 14:48:53",COD,success,2538.00
230,1224,"2026-04-15 14:48:53",UPI,success,482.00
231,1225,"2026-04-15 14:48:53",card,success,828.00
232,1226,"2026-04-15 14:48:53",UPI,success,2800.00
233,1227,"2026-04-15 14:48:53",UPI,success,604.00
234,1228,"2026-04-15 14:48:53",COD,success,1782.00
235,1229,"2026-04-15 14:48:53",UPI,failed,2217.00
236,1230,"2026-04-15 14:48:53",UPI,success,2649.00
237,1231,"2026-04-15 14:48:53",COD,success,391.00
238,1232,"2026-04-15 14:48:53",UPI,success,1561.00
239,1233,"2026-04-15 14:48:53",card,success,2583.00
240,1234,"2026-04-15 14:48:53",UPI,success,1522.00
241,1235,"2026-04-15 14:48:53",card,success,938.00
242,1236,"2026-04-15 14:48:53",UPI,success,520.00
243,1237,"2026-04-15 14:48:53",COD,success,1056.00
244,1238,"2026-04-15 14:48:53",UPI,success,532.00
245,1239,"2026-04-15 14:48:53",card,success,802.00
246,1240,"2026-04-15 14:48:53",card,failed,2432.00
247,1241,"2026-04-15 14:48:53",card,success,1392.00
248,1242,"2026-04-15 14:48:53",card,success,2883.00
249,1243,"2026-04-15 14:48:53",UPI,success,1512.00
250,1244,"2026-04-15 14:48:53",UPI,success,140.00
251,1245,"2026-04-15 14:48:53",card,success,1079.00
252,1246,"2026-04-15 14:48:53",card,success,555.00
253,1247,"2026-04-15 14:48:53",UPI,success,1598.00
254,1248,"2026-04-15 14:48:53",UPI,success,1602.00
255,1249,"2026-04-15 14:48:53",UPI,success,1300.00
256,1250,"2026-04-15 14:48:53",UPI,success,2669.00
257,1251,"2026-04-15 14:48:53",card,success,283.00
258,1252,"2026-04-15 14:48:53",COD,success,1148.00
259,1253,"2026-04-15 14:48:53",COD,success,3070.00
260,1254,"2026-04-15 14:48:53",COD,success,907.00
261,1255,"2026-04-15 14:48:53",COD,success,543.00
262,1256,"2026-04-15 14:48:53",COD,failed,367.00
263,1257,"2026-04-15 14:48:53",UPI,success,314.00
264,1258,"2026-04-15 14:48:53",COD,success,1502.00
265,1259,"2026-04-15 14:48:53",UPI,success,1856.00
266,1260,"2026-04-15 14:48:53",UPI,success,357.00
267,1261,"2026-04-15 14:48:53",card,success,990.00
268,1262,"2026-04-15 14:48:53",card,failed,1056.00
269,1263,"2026-04-15 14:48:53",card,success,1457.00
270,1264,"2026-04-15 14:48:53",COD,success,536.00
271,1265,"2026-04-15 14:48:53",COD,success,1543.00
272,1266,"2026-04-15 14:48:53",UPI,success,3106.00
273,1267,"2026-04-15 14:48:53",UPI,success,1642.00
274,1268,"2026-04-15 14:48:53",card,success,1977.00
275,1269,"2026-04-15 14:48:53",card,success,654.00
276,1270,"2026-04-15 14:48:53",card,success,1650.00
277,1271,"2026-04-15 14:48:53",UPI,success,1677.00
278,1272,"2026-04-15 14:48:53",UPI,success,249.00
279,1273,"2026-04-15 14:48:53",card,success,3322.00
280,1274,"2026-04-15 14:48:53",UPI,success,1000.00
281,1275,"2026-04-15 14:48:53",UPI,success,1602.00
282,1276,"2026-04-15 14:48:53",COD,success,468.00
283,1277,"2026-04-15 14:48:53",COD,success,333.00
284,1278,"2026-04-15 14:48:53",card,success,1750.00
285,1279,"2026-04-15 14:48:53",card,failed,276.00
286,1280,"2026-04-15 14:48:53",card,success,856.00
287,1281,"2026-04-15 14:48:53",card,success,441.00
288,1282,"2026-04-15 14:48:53",card,success,1620.00
289,1283,"2026-04-15 14:48:53",UPI,success,4263.00
290,1284,"2026-04-15 14:48:53",COD,success,4708.00
291,1285,"2026-04-15 14:48:53",card,success,1700.00
292,1286,"2026-04-15 14:48:53",COD,success,508.00
293,1287,"2026-04-15 14:48:53",COD,success,742.00
294,1288,"2026-04-15 14:48:53",COD,success,1110.00
295,1289,"2026-04-15 14:48:53",card,success,639.00
296,1290,"2026-04-15 14:48:53",UPI,success,1221.00
297,1291,"2026-04-15 14:48:53",COD,success,1278.00
298,1292,"2026-04-15 14:48:53",UPI,success,545.00
299,1293,"2026-04-15 14:48:53",card,success,3531.00
300,1294,"2026-04-15 14:48:53",COD,failed,1599.00
301,1295,"2026-04-15 14:48:53",card,success,1039.00
302,1296,"2026-04-15 14:48:53",UPI,success,494.00
303,1297,"2026-04-15 14:48:53",COD,success,1095.00
304,1298,"2026-04-15 14:48:53",card,success,999.00
305,1299,"2026-04-15 14:48:53",UPI,failed,1781.00
306,1300,"2026-04-15 14:48:53",card,success,2574.00
307,1301,"2026-04-15 14:48:53",card,success,2658.00
308,1302,"2026-04-15 14:48:53",UPI,success,3542.00
309,1303,"2026-04-15 14:48:53",COD,success,650.00
310,1304,"2026-04-15 14:48:53",card,success,1359.00
311,1305,"2026-04-15 14:48:53",COD,success,402.00
312,1306,"2026-04-15 14:48:53",COD,success,647.00
313,1307,"2026-04-15 14:48:53",COD,success,2664.00
314,1308,"2026-04-15 14:48:53",card,success,654.00
315,1309,"2026-04-15 14:48:53",COD,success,1329.00
316,1310,"2026-04-15 14:48:53",UPI,success,336.00
317,1311,"2026-04-15 14:48:53",COD,success,366.00
318,1312,"2026-04-15 14:48:53",card,success,576.00
319,1313,"2026-04-15 14:48:53",UPI,success,612.00
320,1314,"2026-04-15 14:48:53",UPI,success,860.00
321,1315,"2026-04-15 14:48:53",COD,success,612.00
322,1316,"2026-04-15 14:48:53",UPI,success,480.00
323,1317,"2026-04-15 14:48:53",UPI,success,1923.00
324,1318,"2026-04-15 14:48:53",COD,success,602.00
325,1319,"2026-04-15 14:48:53",UPI,success,407.00
326,1320,"2026-04-15 14:48:53",COD,success,1880.00
327,1321,"2026-04-15 14:48:53",UPI,success,1063.00
328,1322,"2026-04-15 14:48:53",UPI,success,1911.00
329,1323,"2026-04-15 14:48:53",COD,failed,599.00
330,1324,"2026-04-15 14:48:53",card,success,834.00
331,1325,"2026-04-15 14:48:53",UPI,success,1538.00
332,1326,"2026-04-15 14:48:53",card,success,800.00
333,1327,"2026-04-15 14:48:53",UPI,success,496.00
334,1328,"2026-04-15 14:48:53",card,success,522.00
335,1329,"2026-04-15 14:48:53",card,success,1412.00
336,1330,"2026-04-15 14:48:53",card,success,1188.00
337,1331,"2026-04-15 14:48:53",COD,success,352.00
338,1332,"2026-04-15 14:48:53",COD,success,1994.00
339,1333,"2026-04-15 14:48:53",COD,success,768.00
340,1334,"2026-04-15 14:48:53",card,success,2617.00
341,1335,"2026-04-15 14:48:53",card,success,646.00
342,1336,"2026-04-15 14:48:53",COD,success,1641.00
343,1337,"2026-04-15 14:48:53",UPI,success,2154.00
344,1338,"2026-04-15 14:48:53",card,success,3450.00
345,1339,"2026-04-15 14:48:53",UPI,success,994.00
346,1340,"2026-04-15 14:48:53",UPI,success,2742.00
347,1341,"2026-04-15 14:48:53",card,failed,1730.00
348,1342,"2026-04-15 14:48:53",card,success,461.00
349,1343,"2026-04-15 14:48:53",COD,success,3210.00
350,1344,"2026-04-15 14:48:53",COD,success,1866.00
351,1345,"2026-04-15 14:48:53",card,success,2196.00
352,1346,"2026-04-15 14:48:53",card,success,366.00
353,1347,"2026-04-15 14:48:53",card,success,1316.00
354,1348,"2026-04-15 14:48:53",card,success,480.00
355,1349,"2026-04-15 14:48:53",UPI,success,1800.00
356,1350,"2026-04-15 14:48:53",card,success,1885.00
357,1351,"2026-04-15 14:48:53",card,success,584.00
358,1352,"2026-04-15 14:48:53",COD,success,669.00
359,1353,"2026-04-15 14:48:53",COD,success,2352.00
360,1354,"2026-04-15 14:48:53",card,success,452.00
361,1355,"2026-04-15 14:48:53",COD,failed,1519.00
362,1356,"2026-04-15 14:48:53",card,success,1276.00
363,1357,"2026-04-15 14:48:53",COD,success,372.00
364,1358,"2026-04-15 14:48:53",UPI,success,582.00
365,1359,"2026-04-15 14:48:53",UPI,success,805.00
366,1360,"2026-04-15 14:48:53",UPI,failed,2768.00
367,1361,"2026-04-15 14:48:53",COD,failed,622.00
368,1362,"2026-04-15 14:48:53",card,success,545.00
369,1363,"2026-04-15 14:48:53",UPI,success,704.00
370,1364,"2026-04-15 14:48:53",card,success,2465.00
371,1365,"2026-04-15 14:48:53",UPI,success,3019.00
372,1366,"2026-04-15 14:48:53",COD,success,979.00
373,1367,"2026-04-15 14:48:53",COD,success,1168.00
374,1368,"2026-04-15 14:48:53",card,success,531.00
375,1369,"2026-04-15 14:48:53",UPI,success,485.00
376,1370,"2026-04-15 14:48:53",card,success,590.00
377,1371,"2026-04-15 14:48:53",card,failed,1388.00
378,1372,"2026-04-15 14:48:53",UPI,success,856.00
379,1373,"2026-04-15 14:48:53",card,success,3570.00
380,1374,"2026-04-15 14:48:53",UPI,success,2469.00
381,1375,"2026-04-15 14:48:53",card,success,1129.00
382,1376,"2026-04-15 14:48:53",UPI,success,109.00
383,1377,"2026-04-15 14:48:53",UPI,success,2462.00
384,1378,"2026-04-15 14:48:53",COD,success,555.00
385,1379,"2026-04-15 14:48:53",COD,success,1399.00
386,1380,"2026-04-15 14:48:53",card,failed,1456.00
387,1381,"2026-04-15 14:48:53",card,success,1827.00
388,1382,"2026-04-15 14:48:53",card,success,307.00
389,1383,"2026-04-15 14:48:53",UPI,success,908.00
390,1384,"2026-04-15 14:48:53",card,success,528.00
391,1385,"2026-04-15 14:48:53",card,success,1356.00
392,1386,"2026-04-15 14:48:53",card,success,577.00
393,1387,"2026-04-15 14:48:53",card,failed,2254.00
394,1388,"2026-04-15 14:48:53",card,success,1704.00
395,1389,"2026-04-15 14:48:53",UPI,success,2063.00
396,1390,"2026-04-15 14:48:53",COD,success,2661.00
397,1391,"2026-04-15 14:48:53",COD,success,2746.00
398,1392,"2026-04-15 14:48:53",UPI,failed,408.00
399,1393,"2026-04-15 14:48:53",COD,success,624.00
400,1394,"2026-04-15 14:48:53",card,success,2124.00
401,1395,"2026-04-15 14:48:53",UPI,success,664.00
402,1396,"2026-04-15 14:48:53",UPI,success,351.00
403,1397,"2026-04-15 14:48:53",COD,success,2907.00
404,1398,"2026-04-15 14:48:53",card,success,2314.00
405,1399,"2026-04-15 14:48:53",card,success,252.00
406,1400,"2026-04-15 14:48:53",COD,success,2007.00
407,1401,"2026-04-15 14:48:53",COD,success,1434.00
408,1402,"2026-04-15 14:48:53",card,success,1577.00
409,1403,"2026-04-15 14:48:53",COD,success,1084.00
410,1404,"2026-04-15 14:48:53",card,success,200.00
411,1405,"2026-04-15 14:48:53",UPI,success,558.00
412,1406,"2026-04-15 14:48:53",card,success,1329.00
413,1407,"2026-04-15 14:48:53",card,success,4153.00
414,1408,"2026-04-15 14:48:53",COD,success,608.00
415,1409,"2026-04-15 14:48:53",COD,success,901.00
416,1410,"2026-04-15 14:48:53",card,success,1956.00
417,1411,"2026-04-15 14:48:53",COD,success,1533.00
418,1412,"2026-04-15 14:48:53",UPI,success,1731.00
419,1413,"2026-04-15 14:48:53",card,success,1154.00
420,1414,"2026-04-15 14:48:53",UPI,success,800.00
421,1415,"2026-04-15 14:48:53",COD,success,241.00
422,1416,"2026-04-15 14:48:53",COD,success,511.00
423,1417,"2026-04-15 14:48:53",COD,success,1950.00
424,1418,"2026-04-15 14:48:53",COD,success,1896.00
425,1419,"2026-04-15 14:48:53",UPI,success,237.00
426,1420,"2026-04-15 14:48:53",card,success,3253.00
427,1421,"2026-04-15 14:48:53",COD,success,1400.00
428,1422,"2026-04-15 14:48:53",card,success,205.00
429,1423,"2026-04-15 14:48:53",COD,success,438.00
430,1424,"2026-04-15 14:48:53",card,success,887.00
431,1425,"2026-04-15 14:48:53",card,success,1507.00
432,1426,"2026-04-15 14:48:53",card,success,2431.00
433,1427,"2026-04-15 14:48:53",COD,success,3228.00
434,1428,"2026-04-15 14:48:53",UPI,success,127.00
435,1429,"2026-04-15 14:48:53",card,success,3472.00
436,1430,"2026-04-15 14:48:53",COD,success,1737.00
437,1431,"2026-04-15 14:48:53",COD,success,172.00
438,1432,"2026-04-15 14:48:53",UPI,success,1019.00
439,1433,"2026-04-15 14:48:53",card,success,2451.00
440,1434,"2026-04-15 14:48:53",UPI,success,1783.00
441,1435,"2026-04-15 14:48:53",UPI,success,752.00
442,1436,"2026-04-15 14:48:53",card,success,361.00
443,1437,"2026-04-15 14:48:53",card,success,1231.00
444,1438,"2026-04-15 14:48:53",COD,success,207.00
445,1439,"2026-04-15 14:48:53",card,success,2894.00
446,1440,"2026-04-15 14:48:53",UPI,success,515.00
447,1441,"2026-04-15 14:48:53",card,success,672.00
448,1442,"2026-04-15 14:48:53",card,success,2691.00
449,1443,"2026-04-15 14:48:53",UPI,success,2208.00
450,1444,"2026-04-15 14:48:53",card,success,1342.00
451,1445,"2026-04-15 14:48:53",UPI,success,1416.00
452,1446,"2026-04-15 14:48:53",UPI,success,1338.00
453,1447,"2026-04-15 14:48:53",UPI,success,660.00
454,1448,"2026-04-15 14:48:53",COD,success,1989.00
455,1449,"2026-04-15 14:48:53",UPI,success,1146.00
456,1450,"2026-04-15 14:48:53",card,success,1620.00
457,1451,"2026-04-15 14:48:53",card,success,1184.00
458,1452,"2026-04-15 14:48:53",card,success,1803.00
459,1453,"2026-04-15 14:48:53",UPI,success,319.00
460,1454,"2026-04-15 14:48:53",UPI,success,3180.00
461,1455,"2026-04-15 14:48:53",card,success,859.00
462,1456,"2026-04-15 14:48:53",UPI,success,1953.00
463,1457,"2026-04-15 14:48:53",card,success,1798.00
464,1458,"2026-04-15 14:48:53",card,success,732.00
465,1459,"2026-04-15 14:48:53",UPI,success,725.00
466,1460,"2026-04-15 14:48:53",UPI,success,2901.00
467,1461,"2026-04-15 14:48:53",card,success,346.00
468,1462,"2026-04-15 14:48:53",card,success,306.00
469,1463,"2026-04-15 14:48:53",COD,success,2255.00
470,1464,"2026-04-15 14:48:53",COD,success,685.00
471,1465,"2026-04-15 14:48:53",card,success,1301.00
472,1466,"2026-04-15 14:48:53",card,success,1518.00
473,1467,"2026-04-15 14:48:53",card,success,1964.00
474,1468,"2026-04-15 14:48:53",UPI,success,740.00
475,1469,"2026-04-15 14:48:53",COD,failed,2616.00
476,1470,"2026-04-15 14:48:53",UPI,success,2107.00
477,1471,"2026-04-15 14:48:53",card,success,2859.00
478,1472,"2026-04-15 14:48:53",card,success,1684.00
479,1473,"2026-04-15 14:48:53",COD,success,2721.00
480,1474,"2026-04-15 14:48:53",UPI,success,1388.00
481,1475,"2026-04-15 14:48:53",COD,success,1150.00
482,1476,"2026-04-15 14:48:53",COD,failed,1417.00
483,1477,"2026-04-15 14:48:53",card,success,2158.00
484,1478,"2026-04-15 14:48:53",COD,success,2898.00
485,1479,"2026-04-15 14:48:53",COD,success,1794.00
486,1480,"2026-04-15 14:48:53",COD,success,165.00
487,1481,"2026-04-15 14:48:53",COD,success,1348.00
488,1482,"2026-04-15 14:48:53",card,success,1854.00
489,1483,"2026-04-15 14:48:53",card,success,1209.00
490,1484,"2026-04-15 14:48:53",card,success,648.00
491,1485,"2026-04-15 14:48:53",card,success,2370.00
492,1486,"2026-04-15 14:48:53",card,success,214.00
493,1487,"2026-04-15 14:48:53",COD,success,537.00
494,1488,"2026-04-15 14:48:53",card,success,502.00
495,1489,"2026-04-15 14:48:53",UPI,success,724.00
496,1490,"2026-04-15 14:48:53",card,success,1731.00
497,1491,"2026-04-15 14:48:53",COD,success,2916.00
498,1492,"2026-04-15 14:48:53",card,success,2462.00
499,1493,"2026-04-15 14:48:53",COD,success,2955.00
500,1494,"2026-04-15 14:48:53",UPI,success,1260.00
501,1495,"2026-04-15 14:48:53",COD,success,1686.00
502,1496,"2026-04-15 14:48:53",COD,success,2094.00
503,1497,"2026-04-15 14:48:53",UPI,failed,594.00
504,1498,"2026-04-15 14:48:53",UPI,success,837.00
505,1499,"2026-04-15 14:48:53",COD,success,2576.00
506,1500,"2026-04-15 14:48:53",card,failed,1157.00
507,1501,"2026-04-15 14:48:53",COD,success,2661.00
508,1502,"2026-04-15 14:48:53",COD,success,604.00
509,1503,"2026-04-15 14:48:53",UPI,success,854.00
510,1504,"2026-04-15 14:48:53",COD,success,306.00
511,1505,"2026-04-15 14:48:53",COD,success,831.00
512,1506,"2026-04-15 14:48:53",UPI,success,128.00
513,1507,"2026-04-15 14:48:53",COD,success,990.00
514,1508,"2026-04-15 14:48:53",UPI,success,951.00
515,1509,"2026-04-15 14:48:53",UPI,success,465.00
516,1510,"2026-04-15 14:48:53",COD,failed,450.00
517,1511,"2026-04-15 14:48:53",COD,success,1328.00
518,1512,"2026-04-15 14:48:53",card,success,1978.00
519,1513,"2026-04-15 14:48:53",card,success,2148.00
520,1514,"2026-04-15 14:48:53",COD,success,1203.00
521,1515,"2026-04-15 14:48:53",card,failed,628.00
522,1516,"2026-04-15 14:48:53",card,success,468.00
523,1517,"2026-04-15 14:48:53",COD,success,604.00
524,1518,"2026-04-15 14:48:53",card,success,1131.00
525,1519,"2026-04-15 14:48:53",COD,success,1872.00
526,1520,"2026-04-15 14:48:53",card,success,2068.00
527,1521,"2026-04-15 14:48:53",card,success,2109.00
528,1522,"2026-04-15 14:48:53",card,success,1749.00
529,1523,"2026-04-15 14:48:53",COD,success,356.00
530,1524,"2026-04-15 14:48:53",UPI,success,425.00
531,1525,"2026-04-15 14:48:53",COD,success,2958.00
532,1526,"2026-04-15 14:48:53",COD,success,592.00
533,1527,"2026-04-15 14:48:53",COD,failed,2781.00
534,1528,"2026-04-15 14:48:53",COD,success,906.00
535,1529,"2026-04-15 14:48:53",card,failed,315.00
536,1530,"2026-04-15 14:48:53",card,success,147.00
537,1531,"2026-04-15 14:48:53",card,failed,568.00
538,1532,"2026-04-15 14:48:53",card,success,380.00
539,1533,"2026-04-15 14:48:53",COD,success,2805.00
540,1534,"2026-04-15 14:48:53",UPI,success,1438.00
541,1535,"2026-04-15 14:48:53",card,failed,404.00
542,1536,"2026-04-15 14:48:53",COD,success,2763.00
543,1537,"2026-04-15 14:48:53",COD,success,1538.00
544,1538,"2026-04-15 14:48:53",COD,success,398.00
545,1539,"2026-04-15 14:48:53",UPI,success,594.00
546,1540,"2026-04-15 14:48:53",COD,success,2671.00
547,1541,"2026-04-15 14:48:53",card,success,937.00
548,1542,"2026-04-15 14:48:53",card,success,699.00
549,1543,"2026-04-15 14:48:53",UPI,success,1524.00
550,1544,"2026-04-15 14:48:53",card,success,322.00
551,1545,"2026-04-15 14:48:53",COD,success,1591.00
552,1546,"2026-04-15 14:48:53",UPI,failed,1969.00
553,1547,"2026-04-15 14:48:53",COD,success,673.00
554,1548,"2026-04-15 14:48:53",COD,success,655.00
555,1549,"2026-04-15 14:48:53",UPI,success,2414.00
556,1550,"2026-04-15 14:48:53",card,failed,1404.00
557,1551,"2026-04-15 14:48:53",card,success,3370.00
558,1552,"2026-04-15 14:48:53",COD,success,2364.00
559,1553,"2026-04-15 14:48:53",card,success,2571.00
560,1554,"2026-04-15 14:48:53",card,success,139.00
561,1555,"2026-04-15 14:48:53",COD,failed,2295.00
562,1556,"2026-04-15 14:48:53",UPI,success,854.00
563,1557,"2026-04-15 14:48:53",UPI,success,1308.00
564,1558,"2026-04-15 14:48:53",card,success,954.00
565,1559,"2026-04-15 14:48:53",UPI,success,483.00
566,1560,"2026-04-15 14:48:53",card,failed,1044.00
567,1561,"2026-04-15 14:48:53",card,success,2805.00
568,1562,"2026-04-15 14:48:53",UPI,success,2306.00
569,1563,"2026-04-15 14:48:53",card,success,3098.00
570,1564,"2026-04-15 14:48:53",UPI,success,964.00
571,1565,"2026-04-15 14:48:53",COD,success,1759.00
572,1566,"2026-04-15 14:48:53",COD,success,242.00
573,1567,"2026-04-15 14:48:53",card,failed,761.00
574,1568,"2026-04-15 14:48:53",UPI,success,586.00
575,1569,"2026-04-15 14:48:53",UPI,success,191.00
576,1570,"2026-04-15 14:48:53",card,success,2190.00
577,1571,"2026-04-15 14:48:53",COD,success,2597.00
578,1572,"2026-04-15 14:48:53",card,success,2373.00
579,1573,"2026-04-15 14:48:53",COD,success,2380.00
580,1574,"2026-04-15 14:48:53",UPI,success,1026.00
581,1575,"2026-04-15 14:48:53",UPI,success,1201.00
582,1576,"2026-04-15 14:48:53",card,success,2733.00
583,1577,"2026-04-15 14:48:53",UPI,success,816.00
584,1578,"2026-04-15 14:48:53",UPI,failed,800.00
585,1579,"2026-04-15 14:48:53",COD,success,2598.00
586,1580,"2026-04-15 14:48:53",UPI,success,3458.00
587,1581,"2026-04-15 14:48:53",card,success,312.00
588,1582,"2026-04-15 14:48:53",UPI,success,2104.00
589,1583,"2026-04-15 14:48:53",COD,failed,427.00
590,1584,"2026-04-15 14:48:53",card,success,3034.00
591,1585,"2026-04-15 14:48:53",card,success,836.00
592,1586,"2026-04-15 14:48:53",UPI,success,2734.00
593,1587,"2026-04-15 14:48:53",card,success,390.00
594,1588,"2026-04-15 14:48:53",UPI,success,1258.00
595,1589,"2026-04-15 14:48:53",COD,success,984.00
596,1590,"2026-04-15 14:48:53",card,success,1918.00
597,1591,"2026-04-15 14:48:53",card,success,1356.00
598,1592,"2026-04-15 14:48:53",UPI,success,1280.00
599,1593,"2026-04-15 14:48:53",UPI,success,1824.00
600,1594,"2026-04-15 14:48:53",COD,success,811.00
601,1595,"2026-04-15 14:48:53",COD,failed,204.00
602,1596,"2026-04-15 14:48:53",card,success,125.00
603,1597,"2026-04-15 14:48:53",COD,success,1980.00
604,1598,"2026-04-15 14:48:53",UPI,success,561.00
605,1599,"2026-04-15 14:48:53",card,success,340.00
606,1600,"2026-04-15 14:48:53",UPI,success,1631.00
607,1601,"2026-04-15 14:48:53",UPI,success,1281.00
608,1602,"2026-04-15 14:48:53",UPI,success,2823.00
609,1603,"2026-04-15 14:48:53",UPI,success,978.00
610,1604,"2026-04-15 14:48:53",COD,success,1190.00
611,1605,"2026-04-15 14:48:53",COD,success,669.00
612,1606,"2026-04-15 14:48:53",card,success,2672.00
613,1607,"2026-04-15 14:48:53",UPI,success,1296.00
614,1608,"2026-04-15 14:48:53",COD,success,3136.00
615,1609,"2026-04-15 14:48:53",COD,success,189.00
616,1610,"2026-04-15 14:48:53",COD,success,415.00
617,1611,"2026-04-15 14:48:53",COD,success,170.00
618,1612,"2026-04-15 14:48:53",COD,success,766.00
619,1613,"2026-04-15 14:48:53",card,success,2493.00
620,1614,"2026-04-15 14:48:53",UPI,success,408.00
621,1615,"2026-04-15 14:48:53",card,success,1510.00
622,1616,"2026-04-15 14:48:53",card,success,2721.00
623,1617,"2026-04-15 14:48:53",COD,success,942.00
624,1618,"2026-04-15 14:48:53",UPI,success,3209.00
625,1619,"2026-04-15 14:48:53",UPI,success,3330.00
626,1620,"2026-04-15 14:48:53",COD,success,744.00
627,1621,"2026-04-15 14:48:53",UPI,success,544.00
628,1622,"2026-04-15 14:48:53",UPI,success,2073.00
629,1623,"2026-04-15 14:48:53",UPI,success,1040.00
630,1624,"2026-04-15 14:48:53",COD,success,484.00
631,1625,"2026-04-15 14:48:53",COD,success,757.00
632,1626,"2026-04-15 14:48:53",UPI,failed,1572.00
633,1627,"2026-04-15 14:48:53",UPI,success,2095.00
634,1628,"2026-04-15 14:48:53",COD,success,1696.00
635,1629,"2026-04-15 14:48:53",COD,success,1206.00
636,1630,"2026-04-15 14:48:53",card,success,1004.00
637,1631,"2026-04-15 14:48:53",card,success,441.00
638,1632,"2026-04-15 14:48:53",UPI,success,891.00
639,1633,"2026-04-15 14:48:53",COD,success,1386.00
640,1634,"2026-04-15 14:48:53",card,success,3332.00
641,1635,"2026-04-15 14:48:53",UPI,failed,1104.00
642,1636,"2026-04-15 14:48:53",card,success,1754.00
643,1637,"2026-04-15 14:48:53",card,success,1399.00
644,1638,"2026-04-15 14:48:53",UPI,success,916.00
645,1639,"2026-04-15 14:48:53",UPI,failed,1930.00
646,1640,"2026-04-15 14:48:53",card,success,2107.00
647,1641,"2026-04-15 14:48:53",UPI,success,610.00
648,1642,"2026-04-15 14:48:53",UPI,success,2525.00
649,1643,"2026-04-15 14:48:53",COD,success,393.00
650,1644,"2026-04-15 14:48:53",card,success,666.00
651,1645,"2026-04-15 14:48:53",card,success,522.00
652,1646,"2026-04-15 14:48:53",UPI,success,486.00
653,1647,"2026-04-15 14:48:53",UPI,success,3855.00
654,1648,"2026-04-15 14:48:53",card,success,2401.00
655,1649,"2026-04-15 14:48:53",UPI,failed,1056.00
656,1650,"2026-04-15 14:48:53",card,failed,1468.00
657,1651,"2026-04-15 14:48:53",UPI,success,1209.00
658,1652,"2026-04-15 14:48:53",COD,success,1100.00
659,1653,"2026-04-15 14:48:53",COD,success,1858.00
660,1654,"2026-04-15 14:48:53",card,success,3270.00
661,1655,"2026-04-15 14:48:53",COD,success,571.00
662,1656,"2026-04-15 14:48:53",COD,success,387.00
663,1657,"2026-04-15 14:48:53",UPI,success,2627.00
664,1658,"2026-04-15 14:48:53",card,success,3792.00
665,1659,"2026-04-15 14:48:53",UPI,success,385.00
666,1660,"2026-04-15 14:48:53",card,success,1803.00
667,1661,"2026-04-15 14:48:53",COD,success,1246.00
668,1662,"2026-04-15 14:48:53",card,success,626.00
669,1663,"2026-04-15 14:48:53",COD,success,485.00
670,1664,"2026-04-15 14:48:53",UPI,success,581.00
671,1665,"2026-04-15 14:48:53",COD,success,446.00
672,1666,"2026-04-15 14:48:53",COD,success,445.00
673,1667,"2026-04-15 14:48:53",UPI,success,412.00
674,1668,"2026-04-15 14:48:53",UPI,success,2820.00
675,1669,"2026-04-15 14:48:53",COD,success,118.00
676,1670,"2026-04-15 14:48:53",card,success,2913.00
677,1671,"2026-04-15 14:48:53",card,failed,2547.00
678,1672,"2026-04-15 14:48:53",COD,success,2580.00
679,1673,"2026-04-15 14:48:53",COD,success,2112.00
680,1674,"2026-04-15 14:48:53",card,success,1827.00
681,1675,"2026-04-15 14:48:53",COD,success,423.00
682,1676,"2026-04-15 14:48:53",card,success,246.00
683,1677,"2026-04-15 14:48:53",card,success,1095.00
684,1678,"2026-04-15 14:48:53",card,success,300.00
685,1679,"2026-04-15 14:48:53",card,success,840.00
686,1680,"2026-04-15 14:48:53",card,success,1280.00
687,1681,"2026-04-15 14:48:53",COD,success,1200.00
688,1682,"2026-04-15 14:48:53",COD,success,801.00
689,1683,"2026-04-15 14:48:53",COD,success,1713.00
690,1684,"2026-04-15 14:48:53",COD,failed,792.00
691,1685,"2026-04-15 14:48:53",card,failed,536.00
692,1686,"2026-04-15 14:48:53",UPI,success,1149.00
693,1687,"2026-04-15 14:48:53",card,success,2879.00
694,1688,"2026-04-15 14:48:53",card,success,655.00
695,1689,"2026-04-15 14:48:53",card,success,4547.00
696,1690,"2026-04-15 14:48:53",UPI,success,1584.00
697,1691,"2026-04-15 14:48:53",card,success,1497.00
698,1692,"2026-04-15 14:48:53",UPI,failed,3575.00
699,1693,"2026-04-15 14:48:53",COD,success,906.00
700,1694,"2026-04-15 14:48:53",COD,success,2211.00
701,1695,"2026-04-15 14:48:53",UPI,success,1440.00
702,1696,"2026-04-15 14:48:53",card,failed,2228.00
703,1697,"2026-04-15 14:48:53",card,success,208.00
704,1698,"2026-04-15 14:48:53",card,success,2149.00
705,1699,"2026-04-15 14:48:53",UPI,success,1413.00
706,1700,"2026-04-15 14:48:53",UPI,success,345.00
707,1701,"2026-04-15 14:48:53",UPI,success,862.00
708,1702,"2026-04-15 14:48:53",card,success,1176.00
709,1703,"2026-04-15 14:48:53",card,success,2199.00
710,1704,"2026-04-15 14:48:53",COD,success,430.00
711,1705,"2026-04-15 14:48:53",card,success,442.00
712,1706,"2026-04-15 14:48:53",COD,success,1365.00
713,1707,"2026-04-15 14:48:53",card,success,285.00
714,1708,"2026-04-15 14:48:53",card,success,1864.00
715,1709,"2026-04-15 14:48:53",COD,success,2096.00
716,1710,"2026-04-15 14:48:53",COD,success,1897.00
717,1711,"2026-04-15 14:48:53",COD,success,572.00
718,1712,"2026-04-15 14:48:53",COD,success,264.00
719,1713,"2026-04-15 14:48:53",UPI,success,2236.00
720,1714,"2026-04-15 14:48:53",UPI,success,1256.00
721,1715,"2026-04-15 14:48:53",UPI,success,2111.00
722,1716,"2026-04-15 14:48:53",card,success,3328.00
723,1717,"2026-04-15 14:48:53",UPI,success,2820.00
724,1718,"2026-04-15 14:48:53",COD,success,1376.00
725,1719,"2026-04-15 14:48:53",UPI,success,3127.00
726,1720,"2026-04-15 14:48:53",card,success,2250.00
727,1721,"2026-04-15 14:48:53",card,success,2194.00
728,1722,"2026-04-15 14:48:53",card,success,330.00
729,1723,"2026-04-15 14:48:53",UPI,failed,1868.00
730,1724,"2026-04-15 14:48:53",COD,success,1521.00
731,1725,"2026-04-15 14:48:53",UPI,success,1627.00
732,1726,"2026-04-15 14:48:53",COD,success,1830.00
733,1727,"2026-04-15 14:48:53",COD,success,945.00
734,1728,"2026-04-15 14:48:53",COD,success,530.00
735,1729,"2026-04-15 14:48:53",COD,success,2886.00
736,1730,"2026-04-15 14:48:53",card,success,1474.00
737,1731,"2026-04-15 14:48:53",UPI,failed,1778.00
738,1732,"2026-04-15 14:48:53",UPI,success,1113.00
739,1733,"2026-04-15 14:48:53",card,success,191.00
740,1734,"2026-04-15 14:48:53",UPI,success,2144.00
741,1735,"2026-04-15 14:48:53",UPI,success,946.00
742,1736,"2026-04-15 14:48:53",COD,success,2620.00
743,1737,"2026-04-15 14:48:53",UPI,success,2168.00
744,1738,"2026-04-15 14:48:53",COD,success,197.00
745,1739,"2026-04-15 14:48:53",COD,success,2294.00
746,1740,"2026-04-15 14:48:53",UPI,success,712.00
747,1741,"2026-04-15 14:48:53",card,success,1988.00
748,1742,"2026-04-15 14:48:53",COD,failed,375.00
749,1743,"2026-04-15 14:48:53",card,success,265.00
750,1744,"2026-04-15 14:48:53",card,success,1100.00
751,1745,"2026-04-15 14:48:53",COD,success,2393.00
752,1746,"2026-04-15 14:48:53",COD,success,3300.00
753,1747,"2026-04-15 14:48:53",UPI,success,337.00
754,1748,"2026-04-15 14:48:53",card,failed,2319.00
755,1749,"2026-04-15 14:48:53",COD,success,1719.00
756,1750,"2026-04-15 14:48:53",COD,success,1774.00
757,1751,"2026-04-15 14:48:53",card,success,1064.00
758,1752,"2026-04-15 14:48:53",COD,success,2090.00
759,1753,"2026-04-15 14:48:53",COD,success,1089.00
760,1754,"2026-04-15 14:48:53",COD,success,310.00
761,1755,"2026-04-15 14:48:53",UPI,success,2844.00
762,1756,"2026-04-15 14:48:53",card,success,2883.00
763,1757,"2026-04-15 14:48:53",card,success,2413.00
764,1758,"2026-04-15 14:48:53",COD,success,1736.00
765,1759,"2026-04-15 14:48:53",UPI,success,1254.00
766,1760,"2026-04-15 14:48:53",COD,success,1516.00
767,1761,"2026-04-15 14:48:53",UPI,failed,2450.00
768,1762,"2026-04-15 14:48:53",COD,success,1016.00
769,1763,"2026-04-15 14:48:53",COD,success,1490.00
770,1764,"2026-04-15 14:48:53",COD,failed,841.00
771,1765,"2026-04-15 14:48:53",COD,success,569.00
772,1766,"2026-04-15 14:48:53",COD,success,1412.00
773,1767,"2026-04-15 14:48:53",UPI,success,2517.00
774,1768,"2026-04-15 14:48:53",card,failed,1014.00
775,1769,"2026-04-15 14:48:53",UPI,success,3134.00
776,1770,"2026-04-15 14:48:53",card,success,2436.00
777,1771,"2026-04-15 14:48:53",UPI,success,420.00
778,1772,"2026-04-15 14:48:53",COD,success,1317.00
779,1773,"2026-04-15 14:48:53",COD,failed,1950.00
780,1774,"2026-04-15 14:48:53",UPI,success,315.00
781,1775,"2026-04-15 14:48:53",UPI,success,477.00
782,1776,"2026-04-15 14:48:53",COD,success,1898.00
783,1777,"2026-04-15 14:48:53",UPI,success,1278.00
784,1778,"2026-04-15 14:48:53",COD,success,946.00
785,1779,"2026-04-15 14:48:53",COD,success,1360.00
786,1780,"2026-04-15 14:48:53",card,success,2706.00
787,1781,"2026-04-15 14:48:53",UPI,success,2050.00
788,1782,"2026-04-15 14:48:53",card,success,948.00
789,1783,"2026-04-15 14:48:53",card,success,1570.00
790,1784,"2026-04-15 14:48:53",COD,success,1702.00
791,1785,"2026-04-15 14:48:53",COD,success,453.00
792,1786,"2026-04-15 14:48:53",UPI,success,2162.00
793,1787,"2026-04-15 14:48:53",COD,success,757.00
794,1788,"2026-04-15 14:48:53",COD,success,1420.00
795,1789,"2026-04-15 14:48:53",card,success,474.00
796,1790,"2026-04-15 14:48:53",card,success,2383.00
797,1791,"2026-04-15 14:48:53",card,success,2418.00
798,1792,"2026-04-15 14:48:53",card,success,908.00
799,1793,"2026-04-15 14:48:53",UPI,success,3393.00
800,1794,"2026-04-15 14:48:53",UPI,success,984.00
801,1795,"2026-04-15 14:48:53",UPI,success,1538.00
802,1796,"2026-04-15 14:48:53",card,success,171.00
803,1797,"2026-04-15 14:48:53",COD,success,652.00
804,1798,"2026-04-15 14:48:53",card,success,2369.00
805,1799,"2026-04-15 14:48:53",card,success,2067.00
806,1800,"2026-04-15 14:48:53",card,success,311.00
807,1801,"2026-04-15 14:48:53",card,success,2164.00
808,1802,"2026-04-15 14:48:53",COD,success,1434.00
809,1803,"2026-04-15 14:48:53",COD,success,3078.00
810,1804,"2026-04-15 14:48:53",COD,success,333.00
811,1805,"2026-04-15 14:48:53",COD,success,794.00
812,1806,"2026-04-15 14:48:53",COD,success,507.00
813,1807,"2026-04-15 14:48:53",COD,success,514.00
814,1808,"2026-04-15 14:48:53",UPI,success,264.00
815,1809,"2026-04-15 14:48:53",UPI,success,1809.00
816,1810,"2026-04-15 14:48:53",card,success,1921.00
817,1811,"2026-04-15 14:48:53",COD,success,1628.00
818,1812,"2026-04-15 14:48:53",COD,success,416.00
819,1813,"2026-04-15 14:48:53",COD,success,3638.00
820,1814,"2026-04-15 14:48:53",card,success,698.00
821,1815,"2026-04-15 14:48:53",card,success,128.00
822,1816,"2026-04-15 14:48:53",card,success,509.00
823,1817,"2026-04-15 14:48:53",card,success,1504.00
824,1818,"2026-04-15 14:48:53",COD,success,697.00
825,1819,"2026-04-15 14:48:53",UPI,success,2845.00
826,1820,"2026-04-15 14:48:53",UPI,success,898.00
827,1821,"2026-04-15 14:48:53",COD,success,1464.00
828,1822,"2026-04-15 14:48:53",COD,success,1311.00
829,1823,"2026-04-15 14:48:53",UPI,success,2169.00
830,1824,"2026-04-15 14:48:53",card,success,1678.00
831,1825,"2026-04-15 14:48:53",COD,failed,945.00
832,1826,"2026-04-15 14:48:53",UPI,success,758.00
833,1827,"2026-04-15 14:48:53",COD,success,729.00
834,1828,"2026-04-15 14:48:53",UPI,success,1405.00
835,1829,"2026-04-15 14:48:53",card,success,1296.00
836,1830,"2026-04-15 14:48:53",card,success,618.00
837,1831,"2026-04-15 14:48:53",card,success,193.00
838,1832,"2026-04-15 14:48:53",UPI,success,546.00
839,1833,"2026-04-15 14:48:53",COD,success,702.00
840,1834,"2026-04-15 14:48:53",card,success,1548.00
841,1835,"2026-04-15 14:48:53",UPI,success,208.00
842,1836,"2026-04-15 14:48:53",UPI,success,1374.00
843,1837,"2026-04-15 14:48:53",COD,failed,1634.00
844,1838,"2026-04-15 14:48:53",UPI,success,972.00
845,1839,"2026-04-15 14:48:53",COD,success,942.00
846,1840,"2026-04-15 14:48:53",UPI,success,255.00
847,1841,"2026-04-15 14:48:53",UPI,success,590.00
848,1842,"2026-04-15 14:48:53",UPI,success,1616.00
849,1843,"2026-04-15 14:48:53",COD,success,3645.00
850,1844,"2026-04-15 14:48:53",COD,success,650.00
851,1845,"2026-04-15 14:48:53",card,success,668.00
852,1846,"2026-04-15 14:48:53",card,success,1047.00
853,1847,"2026-04-15 14:48:53",UPI,success,634.00
854,1848,"2026-04-15 14:48:53",COD,success,2349.00
855,1849,"2026-04-15 14:48:53",UPI,success,1749.00
856,1850,"2026-04-15 14:48:53",card,failed,2661.00
857,1851,"2026-04-15 14:48:53",UPI,failed,1915.00
858,1852,"2026-04-15 14:48:53",card,success,996.00
859,1853,"2026-04-15 14:48:53",card,success,531.00
860,1854,"2026-04-15 14:48:53",card,success,1578.00
861,1855,"2026-04-15 14:48:53",COD,success,278.00
862,1856,"2026-04-15 14:48:53",card,success,1824.00
863,1857,"2026-04-15 14:48:53",COD,success,583.00
864,1858,"2026-04-15 14:48:53",UPI,success,221.00
865,1859,"2026-04-15 14:48:53",card,failed,2154.00
866,1860,"2026-04-15 14:48:53",COD,success,2547.00
867,1861,"2026-04-15 14:48:53",COD,success,572.00
868,1862,"2026-04-15 14:48:53",UPI,success,2960.00
869,1863,"2026-04-15 14:48:53",card,success,1142.00
870,1864,"2026-04-15 14:48:53",card,success,1614.00
871,1865,"2026-04-15 14:48:53",card,success,670.00
872,1866,"2026-04-15 14:48:53",COD,success,1422.00
873,1867,"2026-04-15 14:48:53",UPI,success,1083.00
874,1868,"2026-04-15 14:48:53",UPI,success,1844.00
875,1869,"2026-04-15 14:48:53",COD,success,1416.00
876,1870,"2026-04-15 14:48:53",card,success,735.00
877,1871,"2026-04-15 14:48:53",card,success,1330.00
878,1872,"2026-04-15 14:48:53",card,success,638.00
879,1873,"2026-04-15 14:48:53",COD,success,716.00
880,1874,"2026-04-15 14:48:53",card,success,1653.00
881,1875,"2026-04-15 14:48:53",UPI,success,1123.00
882,1876,"2026-04-15 14:48:53",card,success,550.00
883,1877,"2026-04-15 14:48:53",COD,success,2330.00
884,1878,"2026-04-15 14:48:53",COD,success,2190.00
885,1879,"2026-04-15 14:48:53",card,success,1030.00
886,1880,"2026-04-15 14:48:53",card,success,265.00
887,1881,"2026-04-15 14:48:53",COD,success,1431.00
888,1882,"2026-04-15 14:48:53",card,success,1663.00
889,1883,"2026-04-15 14:48:53",COD,success,716.00
890,1884,"2026-04-15 14:48:53",UPI,success,1848.00
891,1885,"2026-04-15 14:48:53",UPI,success,3303.00
892,1886,"2026-04-15 14:48:53",COD,success,2860.00
893,1887,"2026-04-15 14:48:53",card,success,3464.00
894,1888,"2026-04-15 14:48:53",UPI,success,842.00
895,1889,"2026-04-15 14:48:53",card,success,381.00
896,1890,"2026-04-15 14:48:53",COD,success,2946.00
897,1891,"2026-04-15 14:48:53",COD,success,1391.00
898,1892,"2026-04-15 14:48:53",UPI,failed,1956.00
899,1893,"2026-04-15 14:48:53",card,success,2373.00
900,1894,"2026-04-15 14:48:53",UPI,success,2856.00
901,1895,"2026-04-15 14:48:53",COD,success,848.00
902,1896,"2026-04-15 14:48:53",card,success,468.00
903,1897,"2026-04-15 14:48:53",card,success,912.00
904,1898,"2026-04-15 14:48:53",UPI,success,411.00
905,1899,"2026-04-15 14:48:53",UPI,success,1398.00
906,1900,"2026-04-15 14:48:53",UPI,success,948.00
907,1901,"2026-04-15 14:48:53",card,success,222.00
908,1902,"2026-04-15 14:48:53",UPI,success,626.00
909,1903,"2026-04-15 14:48:53",COD,success,1536.00
910,1904,"2026-04-15 14:48:53",card,success,2688.00
911,1905,"2026-04-15 14:48:53",COD,success,470.00
912,1906,"2026-04-15 14:48:53",COD,success,132.00
913,1907,"2026-04-15 14:48:53",COD,success,364.00
914,1908,"2026-04-15 14:48:53",UPI,success,2761.00
915,1909,"2026-04-15 14:48:53",UPI,success,2046.00
916,1910,"2026-04-15 14:48:53",COD,success,1167.00
917,1911,"2026-04-15 14:48:53",COD,success,1971.00
918,1912,"2026-04-15 14:48:53",card,success,919.00
919,1913,"2026-04-15 14:48:53",card,success,1888.00
920,1914,"2026-04-15 14:48:53",COD,failed,2310.00
921,1915,"2026-04-15 14:48:53",UPI,success,731.00
922,1916,"2026-04-15 14:48:53",UPI,success,1292.00
923,1917,"2026-04-15 14:48:53",card,failed,2510.00
924,1918,"2026-04-15 14:48:53",UPI,success,706.00
925,1919,"2026-04-15 14:48:53",card,success,1558.00
926,1920,"2026-04-15 14:48:53",card,success,2027.00
927,1921,"2026-04-15 14:48:53",COD,failed,286.00
928,1922,"2026-04-15 14:48:53",card,success,633.00
929,1923,"2026-04-15 14:48:53",COD,success,971.00
930,1924,"2026-04-15 14:48:53",COD,success,2739.00
931,1925,"2026-04-15 14:48:53",COD,success,667.00
932,1926,"2026-04-15 14:48:53",card,success,1027.00
933,1927,"2026-04-15 14:48:53",UPI,success,1590.00
934,1928,"2026-04-15 14:48:53",card,success,2229.00
935,1929,"2026-04-15 14:48:53",COD,success,204.00
936,1930,"2026-04-15 14:48:53",UPI,success,1798.00
937,1931,"2026-04-15 14:48:53",card,success,763.00
938,1932,"2026-04-15 14:48:53",UPI,success,1354.00
939,1933,"2026-04-15 14:48:53",UPI,success,2364.00
940,1934,"2026-04-15 14:48:53",UPI,success,1814.00
941,1935,"2026-04-15 14:48:53",COD,failed,1256.00
942,1936,"2026-04-15 14:48:53",COD,success,2145.00
943,1937,"2026-04-15 14:48:53",card,success,2705.00
944,1938,"2026-04-15 14:48:53",COD,success,1800.00
945,1939,"2026-04-15 14:48:53",COD,success,1461.00
946,1940,"2026-04-15 14:48:53",UPI,success,2142.00
947,1941,"2026-04-15 14:48:53",card,success,509.00
948,1942,"2026-04-15 14:48:53",UPI,success,1855.00
949,1943,"2026-04-15 14:48:53",UPI,success,3144.00
950,1944,"2026-04-15 14:48:53",UPI,success,1492.00
951,1945,"2026-04-15 14:48:53",card,success,1328.00
952,1946,"2026-04-15 14:48:53",UPI,success,609.00
953,1947,"2026-04-15 14:48:53",card,success,773.00
954,1948,"2026-04-15 14:48:53",UPI,success,2274.00
955,1949,"2026-04-15 14:48:53",COD,success,382.00
956,1950,"2026-04-15 14:48:53",UPI,success,681.00
957,1951,"2026-04-15 14:48:53",card,success,960.00
958,1952,"2026-04-15 14:48:53",UPI,success,1274.00
959,1953,"2026-04-15 14:48:53",UPI,success,635.00
960,1954,"2026-04-15 14:48:53",UPI,success,2538.00
961,1955,"2026-04-15 14:48:53",COD,success,800.00
962,1956,"2026-04-15 14:48:53",COD,success,903.00
963,1957,"2026-04-15 14:48:53",UPI,success,2115.00
964,1958,"2026-04-15 14:48:53",COD,success,1618.00
965,1959,"2026-04-15 14:48:53",UPI,success,351.00
966,1960,"2026-04-15 14:48:53",UPI,success,2131.00
967,1961,"2026-04-15 14:48:53",UPI,success,1142.00
968,1962,"2026-04-15 14:48:53",COD,success,1604.00
969,1963,"2026-04-15 14:48:53",UPI,success,686.00
970,1964,"2026-04-15 14:48:53",card,success,374.00
971,1965,"2026-04-15 14:48:53",COD,success,2911.00
972,1966,"2026-04-15 14:48:53",COD,success,733.00
973,1967,"2026-04-15 14:48:53",COD,success,1986.00
974,1968,"2026-04-15 14:48:53",UPI,failed,1589.00
975,1969,"2026-04-15 14:48:53",COD,success,848.00
976,1970,"2026-04-15 14:48:53",COD,success,2685.00
977,1971,"2026-04-15 14:48:53",UPI,failed,202.00
978,1972,"2026-04-15 14:48:53",COD,success,309.00
979,1973,"2026-04-15 14:48:53",card,success,832.00
980,1974,"2026-04-15 14:48:53",card,success,1768.00
981,1975,"2026-04-15 14:48:53",COD,success,506.00
982,1976,"2026-04-15 14:48:53",card,success,834.00
983,1977,"2026-04-15 14:48:53",card,success,602.00
984,1978,"2026-04-15 14:48:53",UPI,success,2652.00
985,1979,"2026-04-15 14:48:53",card,failed,1483.00
986,1980,"2026-04-15 14:48:53",UPI,success,2861.00
987,1981,"2026-04-15 14:48:53",COD,success,1199.00
988,1982,"2026-04-15 14:48:53",card,success,137.00
989,1983,"2026-04-15 14:48:53",card,success,1684.00
990,1984,"2026-04-15 14:48:53",UPI,success,1629.00
991,1985,"2026-04-15 14:48:53",COD,success,622.00
992,1986,"2026-04-15 14:48:53",COD,success,1156.00
993,1987,"2026-04-15 14:48:53",COD,success,1129.00
994,1988,"2026-04-15 14:48:53",UPI,success,1696.00
995,1989,"2026-04-15 14:48:53",card,success,1488.00
996,1990,"2026-04-15 14:48:53",UPI,success,647.00
997,1991,"2026-04-15 14:48:53",COD,success,2444.00
998,1992,"2026-04-15 14:48:53",UPI,success,2529.00
999,1993,"2026-04-15 14:48:53",UPI,failed,862.00
1000,1994,"2026-04-15 14:48:53",card,success,2022.00
