session_id,user_id,session_start,session_end,page_views,traffic_source,converted
1,4219,"2026-04-05 14:16:03","2026-04-15 14:16:03",3,ads,1
2,4859,"2026-04-01 14:16:03","2026-04-15 14:16:03",6,ads,1
3,487,"2026-03-20 14:16:03","2026-04-15 14:16:03",2,ads,0
4,1448,"2026-04-14 14:16:03","2026-04-15 14:16:03",5,email,0
5,1790,"2026-04-10 14:16:03","2026-04-15 14:16:03",9,organic,0
6,2248,"2026-03-28 14:16:03","2026-04-15 14:16:03",8,ads,1
7,240,"2026-03-24 14:16:03","2026-04-15 14:16:03",6,email,0
8,2790,"2026-03-29 14:16:03","2026-04-15 14:16:03",4,email,1
9,1891,"2026-04-14 14:16:03","2026-04-15 14:16:03",2,email,0
10,752,"2026-03-21 14:16:03","2026-04-15 14:16:03",9,email,0
11,3536,"2026-03-18 14:16:03","2026-04-15 14:16:03",6,ads,0
12,1848,"2026-04-05 14:16:03","2026-04-15 14:16:03",7,ads,0
13,1649,"2026-04-03 14:16:03","2026-04-15 14:16:03",1,ads,1
14,1882,"2026-04-02 14:16:03","2026-04-15 14:16:03",2,organic,0
15,4258,"2026-04-06 14:16:03","2026-04-15 14:16:03",10,email,0
16,2826,"2026-03-30 14:16:03","2026-04-15 14:16:03",1,organic,0
17,2792,"2026-03-30 14:16:03","2026-04-15 14:16:03",2,email,0
18,193,"2026-04-14 14:16:03","2026-04-15 14:16:03",2,organic,1
19,229,"2026-03-22 14:16:03","2026-04-15 14:16:03",10,ads,0
20,1032,"2026-03-29 14:16:03","2026-04-15 14:16:03",3,organic,1
21,819,"2026-03-18 14:16:03","2026-04-15 14:16:03",3,ads,0
22,1732,"2026-03-20 14:16:03","2026-04-15 14:16:03",3,email,0
23,4328,"2026-03-22 14:16:03","2026-04-15 14:16:03",6,ads,0
24,3032,"2026-03-17 14:16:03","2026-04-15 14:16:03",2,organic,1
25,4858,"2026-03-30 14:16:03","2026-04-15 14:16:03",9,organic,0
26,3499,"2026-03-26 14:16:03","2026-04-15 14:16:03",3,ads,0
27,33,"2026-04-14 14:16:03","2026-04-15 14:16:03",3,email,0
28,2793,"2026-03-30 14:16:03","2026-04-15 14:16:03",1,email,0
29,301,"2026-04-08 14:16:03","2026-04-15 14:16:03",1,organic,1
30,255,"2026-03-24 14:16:03","2026-04-15 14:16:03",6,organic,1
31,1557,"2026-03-28 14:16:03","2026-04-15 14:16:03",2,ads,1
32,3841,"2026-04-02 14:16:03","2026-04-15 14:16:03",10,organic,1
33,2249,"2026-03-30 14:16:03","2026-04-15 14:16:03",5,email,1
34,3912,"2026-04-15 14:16:03","2026-04-15 14:16:03",8,email,0
35,2360,"2026-03-26 14:16:03","2026-04-15 14:16:03",1,ads,0
36,503,"2026-04-03 14:16:03","2026-04-15 14:16:03",8,organic,1
37,2229,"2026-03-28 14:16:03","2026-04-15 14:16:03",7,organic,0
38,366,"2026-03-24 14:16:03","2026-04-15 14:16:03",5,ads,1
39,1904,"2026-04-10 14:16:03","2026-04-15 14:16:03",8,ads,0
40,3447,"2026-04-12 14:16:03","2026-04-15 14:16:03",6,organic,0
41,905,"2026-03-25 14:16:03","2026-04-15 14:16:03",1,email,0
42,2153,"2026-04-09 14:16:03","2026-04-15 14:16:03",8,ads,0
43,4801,"2026-03-24 14:16:03","2026-04-15 14:16:03",9,ads,1
44,2737,"2026-04-01 14:16:03","2026-04-15 14:16:03",8,organic,0
45,485,"2026-04-12 14:16:03","2026-04-15 14:16:03",4,organic,1
46,291,"2026-03-23 14:16:03","2026-04-15 14:16:03",7,ads,0
47,1141,"2026-03-29 14:16:03","2026-04-15 14:16:03",4,email,0
48,1858,"2026-03-25 14:16:03","2026-04-15 14:16:03",6,organic,0
49,2512,"2026-04-02 14:16:03","2026-04-15 14:16:03",8,organic,1
50,2815,"2026-03-21 14:16:03","2026-04-15 14:16:03",6,organic,0
51,1360,"2026-04-02 14:16:03","2026-04-15 14:16:03",4,organic,1
52,1932,"2026-04-03 14:16:03","2026-04-15 14:16:03",10,organic,1
53,3318,"2026-03-25 14:16:03","2026-04-15 14:16:03",7,ads,0
54,4635,"2026-04-14 14:16:03","2026-04-15 14:16:03",4,email,0
55,4018,"2026-03-22 14:16:03","2026-04-15 14:16:03",7,email,1
56,4928,"2026-04-04 14:16:03","2026-04-15 14:16:03",10,email,0
57,1806,"2026-04-04 14:16:03","2026-04-15 14:16:03",8,email,0
58,185,"2026-04-12 14:16:03","2026-04-15 14:16:03",5,email,0
59,2883,"2026-03-21 14:16:03","2026-04-15 14:16:03",6,ads,0
60,2610,"2026-04-07 14:16:03","2026-04-15 14:16:03",10,organic,0
61,3865,"2026-04-09 14:16:03","2026-04-15 14:16:03",9,ads,0
62,1362,"2026-03-28 14:16:03","2026-04-15 14:16:03",2,ads,0
63,4117,"2026-04-06 14:16:03","2026-04-15 14:16:03",2,organic,0
64,490,"2026-03-23 14:16:03","2026-04-15 14:16:03",7,ads,0
65,2363,"2026-04-15 14:16:03","2026-04-15 14:16:03",7,ads,0
66,421,"2026-03-29 14:16:03","2026-04-15 14:16:03",7,organic,0
67,1186,"2026-04-08 14:16:03","2026-04-15 14:16:03",6,email,0
68,1007,"2026-04-03 14:16:03","2026-04-15 14:16:03",6,organic,0
69,1972,"2026-04-14 14:16:03","2026-04-15 14:16:03",1,ads,0
70,3468,"2026-03-30 14:16:03","2026-04-15 14:16:03",7,email,1
71,314,"2026-03-27 14:16:03","2026-04-15 14:16:03",1,organic,0
72,559,"2026-03-28 14:16:03","2026-04-15 14:16:03",9,ads,0
73,2892,"2026-03-18 14:16:03","2026-04-15 14:16:03",10,ads,0
74,4812,"2026-04-10 14:16:03","2026-04-15 14:16:03",1,email,1
75,4613,"2026-03-17 14:16:03","2026-04-15 14:16:03",2,organic,0
76,3949,"2026-03-23 14:16:03","2026-04-15 14:16:03",6,ads,1
77,2784,"2026-04-12 14:16:03","2026-04-15 14:16:03",10,organic,1
78,1466,"2026-03-20 14:16:03","2026-04-15 14:16:03",6,ads,0
79,4706,"2026-03-21 14:16:03","2026-04-15 14:16:03",5,email,0
80,4854,"2026-04-10 14:16:03","2026-04-15 14:16:03",10,ads,0
81,576,"2026-03-23 14:16:03","2026-04-15 14:16:03",5,ads,0
82,4440,"2026-03-27 14:16:03","2026-04-15 14:16:03",6,email,0
83,2916,"2026-03-25 14:16:03","2026-04-15 14:16:03",9,email,1
84,1076,"2026-04-10 14:16:03","2026-04-15 14:16:03",3,organic,0
85,3259,"2026-04-03 14:16:03","2026-04-15 14:16:03",1,ads,0
86,4876,"2026-04-02 14:16:03","2026-04-15 14:16:03",3,ads,0
87,4960,"2026-03-17 14:16:03","2026-04-15 14:16:03",10,organic,0
88,4804,"2026-03-25 14:16:03","2026-04-15 14:16:03",7,ads,0
89,4610,"2026-03-30 14:16:03","2026-04-15 14:16:03",10,ads,0
90,1208,"2026-03-17 14:16:03","2026-04-15 14:16:03",2,email,0
91,398,"2026-03-27 14:16:03","2026-04-15 14:16:03",10,email,0
92,3500,"2026-04-03 14:16:03","2026-04-15 14:16:03",1,email,0
93,4873,"2026-03-29 14:16:03","2026-04-15 14:16:03",1,organic,1
94,2118,"2026-04-06 14:16:03","2026-04-15 14:16:03",4,email,0
95,4818,"2026-03-21 14:16:03","2026-04-15 14:16:03",3,email,1
96,842,"2026-04-02 14:16:03","2026-04-15 14:16:03",9,email,0
97,579,"2026-04-02 14:16:03","2026-04-15 14:16:03",10,ads,0
98,4545,"2026-04-06 14:16:03","2026-04-15 14:16:03",9,organic,0
99,2264,"2026-04-07 14:16:03","2026-04-15 14:16:03",2,email,0
100,4034,"2026-03-23 14:16:03","2026-04-15 14:16:03",5,email,0
101,3979,"2026-04-06 14:16:03","2026-04-15 14:16:03",3,ads,0
102,3083,"2026-04-13 14:16:03","2026-04-15 14:16:03",6,organic,0
103,454,"2026-04-14 14:16:03","2026-04-15 14:16:03",1,ads,1
104,4113,"2026-04-10 14:16:03","2026-04-15 14:16:03",5,organic,0
105,114,"2026-04-12 14:16:03","2026-04-15 14:16:03",5,email,0
106,2625,"2026-03-30 14:16:03","2026-04-15 14:16:03",2,ads,1
107,3637,"2026-03-21 14:16:03","2026-04-15 14:16:03",2,email,0
108,614,"2026-03-24 14:16:03","2026-04-15 14:16:03",4,email,0
109,967,"2026-03-31 14:16:03","2026-04-15 14:16:03",1,email,0
110,1664,"2026-03-22 14:16:03","2026-04-15 14:16:03",2,ads,0
111,3633,"2026-04-07 14:16:03","2026-04-15 14:16:03",4,organic,0
112,4017,"2026-03-18 14:16:03","2026-04-15 14:16:03",4,email,0
113,2216,"2026-03-18 14:16:03","2026-04-15 14:16:03",4,email,1
114,2316,"2026-03-27 14:16:03","2026-04-15 14:16:03",9,ads,1
115,2193,"2026-03-28 14:16:03","2026-04-15 14:16:03",9,ads,0
116,1578,"2026-04-03 14:16:03","2026-04-15 14:16:03",2,organic,0
117,4098,"2026-03-20 14:16:03","2026-04-15 14:16:03",1,organic,0
118,69,"2026-03-20 14:16:03","2026-04-15 14:16:03",5,organic,0
119,221,"2026-03-19 14:16:03","2026-04-15 14:16:03",6,email,0
120,2953,"2026-04-13 14:16:03","2026-04-15 14:16:03",7,ads,0
121,2104,"2026-03-21 14:16:03","2026-04-15 14:16:03",10,ads,0
122,766,"2026-04-03 14:16:03","2026-04-15 14:16:03",6,email,1
123,2815,"2026-03-19 14:16:03","2026-04-15 14:16:03",10,email,0
124,4853,"2026-03-28 14:16:03","2026-04-15 14:16:03",3,organic,1
125,3287,"2026-04-01 14:16:03","2026-04-15 14:16:03",5,email,0
126,3459,"2026-03-31 14:16:03","2026-04-15 14:16:03",6,ads,0
127,2319,"2026-04-14 14:16:03","2026-04-15 14:16:03",9,email,0
128,3909,"2026-03-19 14:16:03","2026-04-15 14:16:03",3,organic,0
129,1058,"2026-03-22 14:16:03","2026-04-15 14:16:03",6,ads,0
130,781,"2026-04-02 14:16:03","2026-04-15 14:16:03",8,ads,0
131,4899,"2026-04-02 14:16:03","2026-04-15 14:16:03",3,ads,0
132,1218,"2026-04-14 14:16:03","2026-04-15 14:16:03",6,organic,0
133,4728,"2026-03-26 14:16:03","2026-04-15 14:16:03",6,organic,0
134,1818,"2026-03-22 14:16:03","2026-04-15 14:16:03",1,organic,0
135,2025,"2026-03-21 14:16:03","2026-04-15 14:16:03",2,email,0
136,4217,"2026-04-08 14:16:03","2026-04-15 14:16:03",7,email,0
137,2976,"2026-04-15 14:16:03","2026-04-15 14:16:03",3,ads,0
138,4509,"2026-03-20 14:16:03","2026-04-15 14:16:03",8,ads,0
139,2134,"2026-04-05 14:16:03","2026-04-15 14:16:03",5,ads,1
140,1694,"2026-04-07 14:16:03","2026-04-15 14:16:03",4,email,0
141,3906,"2026-03-23 14:16:03","2026-04-15 14:16:03",7,email,0
142,4476,"2026-03-28 14:16:03","2026-04-15 14:16:03",4,ads,0
143,1909,"2026-03-20 14:16:03","2026-04-15 14:16:03",4,ads,0
144,2131,"2026-03-22 14:16:03","2026-04-15 14:16:03",9,email,0
145,3372,"2026-04-11 14:16:03","2026-04-15 14:16:03",7,email,0
146,628,"2026-03-28 14:16:03","2026-04-15 14:16:03",7,organic,0
147,1539,"2026-04-09 14:16:03","2026-04-15 14:16:03",2,ads,0
148,1852,"2026-04-15 14:16:03","2026-04-15 14:16:03",10,email,0
149,1441,"2026-04-15 14:16:03","2026-04-15 14:16:03",2,email,0
150,4505,"2026-04-11 14:16:03","2026-04-15 14:16:03",1,email,0
151,4563,"2026-03-27 14:16:03","2026-04-15 14:16:03",6,email,1
152,409,"2026-04-02 14:16:03","2026-04-15 14:16:03",10,organic,0
153,3571,"2026-04-09 14:16:03","2026-04-15 14:16:03",1,organic,0
154,2721,"2026-03-29 14:16:03","2026-04-15 14:16:03",3,ads,1
155,4712,"2026-03-23 14:16:03","2026-04-15 14:16:03",1,email,0
156,3682,"2026-03-21 14:16:03","2026-04-15 14:16:03",1,email,1
157,968,"2026-04-11 14:16:03","2026-04-15 14:16:03",2,ads,1
158,1644,"2026-04-09 14:16:03","2026-04-15 14:16:03",1,organic,0
159,3796,"2026-04-05 14:16:03","2026-04-15 14:16:03",5,ads,0
160,4693,"2026-04-08 14:16:03","2026-04-15 14:16:03",4,ads,0
161,3653,"2026-04-05 14:16:03","2026-04-15 14:16:03",6,email,1
162,1684,"2026-04-15 14:16:03","2026-04-15 14:16:03",1,ads,0
163,1301,"2026-04-03 14:16:03","2026-04-15 14:16:03",4,organic,1
164,3635,"2026-04-04 14:16:03","2026-04-15 14:16:03",8,organic,0
165,209,"2026-04-07 14:16:03","2026-04-15 14:16:03",4,organic,0
166,4103,"2026-04-14 14:16:03","2026-04-15 14:16:03",8,organic,0
167,4930,"2026-04-14 14:16:03","2026-04-15 14:16:03",4,organic,0
168,4399,"2026-03-26 14:16:03","2026-04-15 14:16:03",8,email,0
169,4328,"2026-03-23 14:16:03","2026-04-15 14:16:03",4,ads,0
170,4114,"2026-03-21 14:16:03","2026-04-15 14:16:03",9,organic,1
171,1161,"2026-04-04 14:16:03","2026-04-15 14:16:03",2,email,0
172,2441,"2026-04-05 14:16:03","2026-04-15 14:16:03",3,ads,1
173,2857,"2026-03-21 14:16:03","2026-04-15 14:16:03",7,organic,0
174,769,"2026-04-09 14:16:03","2026-04-15 14:16:03",7,email,0
175,4810,"2026-03-19 14:16:03","2026-04-15 14:16:03",7,organic,0
176,2800,"2026-03-27 14:16:03","2026-04-15 14:16:03",6,email,1
177,1018,"2026-04-01 14:16:03","2026-04-15 14:16:03",8,ads,1
178,391,"2026-03-30 14:16:03","2026-04-15 14:16:03",5,organic,1
179,3134,"2026-04-04 14:16:03","2026-04-15 14:16:03",1,email,0
180,1888,"2026-03-26 14:16:03","2026-04-15 14:16:03",3,ads,1
181,2109,"2026-04-09 14:16:03","2026-04-15 14:16:03",9,organic,0
182,1781,"2026-04-10 14:16:03","2026-04-15 14:16:03",9,email,0
183,4027,"2026-04-04 14:16:03","2026-04-15 14:16:03",5,ads,0
184,695,"2026-04-01 14:16:03","2026-04-15 14:16:03",10,ads,0
185,1271,"2026-04-04 14:16:03","2026-04-15 14:16:03",3,email,1
186,413,"2026-04-01 14:16:03","2026-04-15 14:16:03",3,organic,0
187,4210,"2026-03-18 14:16:03","2026-04-15 14:16:03",2,email,0
188,4209,"2026-03-20 14:16:03","2026-04-15 14:16:03",9,organic,0
189,4725,"2026-04-03 14:16:03","2026-04-15 14:16:03",4,ads,0
190,688,"2026-03-21 14:16:03","2026-04-15 14:16:03",8,ads,0
191,959,"2026-04-06 14:16:03","2026-04-15 14:16:03",10,email,0
192,1544,"2026-04-11 14:16:03","2026-04-15 14:16:03",8,ads,0
193,3122,"2026-04-10 14:16:03","2026-04-15 14:16:03",2,email,0
194,3633,"2026-03-24 14:16:03","2026-04-15 14:16:03",6,organic,0
195,4474,"2026-04-09 14:16:03","2026-04-15 14:16:03",5,organic,1
196,403,"2026-03-23 14:16:03","2026-04-15 14:16:03",8,ads,1
197,1231,"2026-03-18 14:16:03","2026-04-15 14:16:03",1,organic,0
198,1540,"2026-04-03 14:16:03","2026-04-15 14:16:03",2,organic,0
199,1850,"2026-04-05 14:16:03","2026-04-15 14:16:03",7,organic,1
200,4594,"2026-04-11 14:16:03","2026-04-15 14:16:03",1,email,1
201,1389,"2026-03-31 14:16:03","2026-04-15 14:16:03",9,organic,1
202,2266,"2026-04-06 14:16:03","2026-04-15 14:16:03",3,ads,0
203,4470,"2026-03-20 14:16:03","2026-04-15 14:16:03",8,email,0
204,1538,"2026-03-28 14:16:03","2026-04-15 14:16:03",3,ads,0
205,1217,"2026-03-23 14:16:03","2026-04-15 14:16:03",3,email,0
206,116,"2026-03-20 14:16:03","2026-04-15 14:16:03",3,email,0
207,4590,"2026-03-24 14:16:03","2026-04-15 14:16:03",10,organic,0
208,1376,"2026-03-26 14:16:03","2026-04-15 14:16:03",6,email,1
209,3628,"2026-03-26 14:16:03","2026-04-15 14:16:03",3,ads,0
210,780,"2026-04-04 14:16:03","2026-04-15 14:16:03",4,email,0
211,3502,"2026-04-05 14:16:03","2026-04-15 14:16:03",8,organic,0
212,437,"2026-04-10 14:16:03","2026-04-15 14:16:03",8,email,0
213,3641,"2026-04-02 14:16:03","2026-04-15 14:16:03",1,ads,1
214,3463,"2026-03-29 14:16:03","2026-04-15 14:16:03",8,ads,1
215,2514,"2026-03-17 14:16:03","2026-04-15 14:16:03",4,email,1
216,916,"2026-04-10 14:16:03","2026-04-15 14:16:03",5,organic,0
217,4231,"2026-04-03 14:16:03","2026-04-15 14:16:03",6,organic,0
218,1847,"2026-04-08 14:16:03","2026-04-15 14:16:03",2,ads,0
219,242,"2026-03-17 14:16:03","2026-04-15 14:16:03",8,ads,0
220,3020,"2026-03-22 14:16:03","2026-04-15 14:16:03",3,email,0
221,4694,"2026-03-29 14:16:03","2026-04-15 14:16:03",1,email,0
222,3916,"2026-03-25 14:16:03","2026-04-15 14:16:03",3,ads,0
223,4739,"2026-03-31 14:16:03","2026-04-15 14:16:03",9,organic,0
224,2882,"2026-03-21 14:16:03","2026-04-15 14:16:03",6,ads,0
225,3762,"2026-04-13 14:16:03","2026-04-15 14:16:03",2,organic,0
226,3552,"2026-03-31 14:16:03","2026-04-15 14:16:03",5,email,0
227,4268,"2026-04-07 14:16:03","2026-04-15 14:16:03",9,organic,0
228,1198,"2026-03-25 14:16:03","2026-04-15 14:16:03",9,ads,0
229,2,"2026-04-13 14:16:03","2026-04-15 14:16:03",4,organic,0
230,811,"2026-03-23 14:16:03","2026-04-15 14:16:03",5,ads,0
231,683,"2026-03-23 14:16:03","2026-04-15 14:16:03",5,email,0
232,4646,"2026-03-20 14:16:03","2026-04-15 14:16:03",7,email,1
233,839,"2026-04-13 14:16:03","2026-04-15 14:16:03",10,organic,1
234,2411,"2026-03-18 14:16:03","2026-04-15 14:16:03",3,organic,1
235,1857,"2026-03-31 14:16:03","2026-04-15 14:16:03",4,organic,1
236,3305,"2026-04-05 14:16:03","2026-04-15 14:16:03",7,organic,0
237,3584,"2026-03-19 14:16:03","2026-04-15 14:16:03",5,organic,0
238,2370,"2026-04-05 14:16:03","2026-04-15 14:16:03",5,email,0
239,4451,"2026-03-23 14:16:03","2026-04-15 14:16:03",3,ads,0
240,3162,"2026-04-03 14:16:03","2026-04-15 14:16:03",2,organic,0
241,1707,"2026-03-24 14:16:03","2026-04-15 14:16:03",8,organic,0
242,3856,"2026-04-04 14:16:03","2026-04-15 14:16:03",7,email,0
243,1659,"2026-04-01 14:16:03","2026-04-15 14:16:03",4,organic,0
244,4399,"2026-03-28 14:16:03","2026-04-15 14:16:03",4,ads,0
245,4512,"2026-03-21 14:16:03","2026-04-15 14:16:03",6,ads,0
246,1250,"2026-04-09 14:16:03","2026-04-15 14:16:03",4,ads,0
247,2361,"2026-04-05 14:16:03","2026-04-15 14:16:03",3,organic,0
248,2404,"2026-04-15 14:16:03","2026-04-15 14:16:03",6,email,0
249,2188,"2026-04-14 14:16:03","2026-04-15 14:16:03",10,email,1
250,2983,"2026-03-17 14:16:03","2026-04-15 14:16:03",2,email,0
251,2905,"2026-04-13 14:16:03","2026-04-15 14:16:03",8,ads,0
252,4260,"2026-03-19 14:16:03","2026-04-15 14:16:03",10,ads,1
253,1396,"2026-03-31 14:16:03","2026-04-15 14:16:03",7,email,0
254,3006,"2026-04-06 14:16:03","2026-04-15 14:16:03",8,email,0
255,4741,"2026-03-17 14:16:03","2026-04-15 14:16:03",2,organic,0
256,2088,"2026-03-21 14:16:03","2026-04-15 14:16:03",1,organic,0
257,1628,"2026-04-01 14:16:03","2026-04-15 14:16:03",5,email,0
258,3476,"2026-04-08 14:16:03","2026-04-15 14:16:03",2,email,0
259,952,"2026-03-23 14:16:03","2026-04-15 14:16:03",4,organic,1
260,3789,"2026-03-23 14:16:03","2026-04-15 14:16:03",7,ads,0
261,1727,"2026-03-23 14:16:03","2026-04-15 14:16:03",9,email,0
262,865,"2026-04-08 14:16:03","2026-04-15 14:16:03",7,organic,0
263,1078,"2026-04-04 14:16:03","2026-04-15 14:16:03",3,ads,0
264,3694,"2026-03-18 14:16:03","2026-04-15 14:16:03",5,organic,1
265,664,"2026-04-10 14:16:03","2026-04-15 14:16:03",6,ads,0
266,1344,"2026-03-19 14:16:03","2026-04-15 14:16:03",7,email,1
267,37,"2026-04-04 14:16:03","2026-04-15 14:16:03",10,email,0
268,2436,"2026-03-19 14:16:03","2026-04-15 14:16:03",1,organic,0
269,3960,"2026-03-21 14:16:03","2026-04-15 14:16:03",9,email,0
270,3789,"2026-04-01 14:16:03","2026-04-15 14:16:03",2,ads,0
271,1482,"2026-04-11 14:16:03","2026-04-15 14:16:03",9,email,0
272,180,"2026-03-28 14:16:03","2026-04-15 14:16:03",10,email,1
273,269,"2026-03-17 14:16:03","2026-04-15 14:16:03",8,organic,1
274,2441,"2026-03-20 14:16:03","2026-04-15 14:16:03",10,ads,0
275,4326,"2026-04-02 14:16:03","2026-04-15 14:16:03",6,organic,0
276,2168,"2026-04-03 14:16:03","2026-04-15 14:16:03",9,ads,0
277,655,"2026-04-04 14:16:03","2026-04-15 14:16:03",5,ads,1
278,3582,"2026-03-20 14:16:03","2026-04-15 14:16:03",3,organic,0
279,3378,"2026-04-08 14:16:03","2026-04-15 14:16:03",3,organic,0
280,1209,"2026-03-30 14:16:03","2026-04-15 14:16:03",2,email,0
281,1265,"2026-04-14 14:16:03","2026-04-15 14:16:03",6,organic,1
282,1124,"2026-04-08 14:16:03","2026-04-15 14:16:03",7,organic,0
283,4698,"2026-03-18 14:16:03","2026-04-15 14:16:03",10,email,1
284,216,"2026-03-25 14:16:03","2026-04-15 14:16:03",5,email,0
285,2074,"2026-04-02 14:16:03","2026-04-15 14:16:03",10,organic,0
286,1230,"2026-04-15 14:16:03","2026-04-15 14:16:03",3,organic,1
287,4274,"2026-04-06 14:16:03","2026-04-15 14:16:03",10,email,1
288,4666,"2026-03-25 14:16:03","2026-04-15 14:16:03",9,ads,0
289,3350,"2026-04-05 14:16:03","2026-04-15 14:16:03",7,ads,0
290,2431,"2026-04-15 14:16:03","2026-04-15 14:16:03",7,ads,0
291,1358,"2026-04-11 14:16:03","2026-04-15 14:16:03",10,organic,0
292,929,"2026-04-06 14:16:03","2026-04-15 14:16:03",10,email,0
293,4499,"2026-03-17 14:16:03","2026-04-15 14:16:03",3,ads,0
294,3975,"2026-03-21 14:16:03","2026-04-15 14:16:03",9,email,0
295,4949,"2026-03-21 14:16:03","2026-04-15 14:16:03",4,ads,1
296,2927,"2026-04-02 14:16:03","2026-04-15 14:16:03",6,ads,0
297,3624,"2026-03-31 14:16:03","2026-04-15 14:16:03",5,email,0
298,3677,"2026-03-24 14:16:03","2026-04-15 14:16:03",7,email,0
299,2006,"2026-03-31 14:16:03","2026-04-15 14:16:03",4,organic,0
300,4420,"2026-03-26 14:16:03","2026-04-15 14:16:03",7,organic,0
301,1199,"2026-04-10 14:16:03","2026-04-15 14:16:03",2,ads,1
302,3682,"2026-03-18 14:16:03","2026-04-15 14:16:03",5,organic,0
303,4105,"2026-04-08 14:16:03","2026-04-15 14:16:03",8,ads,1
304,4330,"2026-04-15 14:16:03","2026-04-15 14:16:03",5,ads,0
305,3268,"2026-04-15 14:16:03","2026-04-15 14:16:03",2,organic,0
306,3122,"2026-04-15 14:16:03","2026-04-15 14:16:03",3,ads,0
307,712,"2026-03-19 14:16:03","2026-04-15 14:16:03",2,email,0
308,365,"2026-04-10 14:16:03","2026-04-15 14:16:03",8,ads,1
309,4115,"2026-04-10 14:16:03","2026-04-15 14:16:03",4,organic,0
310,196,"2026-03-18 14:16:03","2026-04-15 14:16:03",7,organic,0
311,4050,"2026-03-26 14:16:03","2026-04-15 14:16:03",10,organic,0
312,577,"2026-04-14 14:16:03","2026-04-15 14:16:03",10,organic,0
313,1918,"2026-03-18 14:16:03","2026-04-15 14:16:03",6,ads,0
314,3533,"2026-04-01 14:16:03","2026-04-15 14:16:03",4,ads,1
315,4160,"2026-03-30 14:16:03","2026-04-15 14:16:03",3,email,0
316,1842,"2026-03-24 14:16:03","2026-04-15 14:16:03",7,ads,0
317,381,"2026-03-18 14:16:03","2026-04-15 14:16:03",6,email,1
318,4180,"2026-04-03 14:16:03","2026-04-15 14:16:03",7,email,0
319,2579,"2026-04-15 14:16:03","2026-04-15 14:16:03",6,organic,0
320,2826,"2026-04-04 14:16:03","2026-04-15 14:16:03",2,email,0
321,1496,"2026-03-22 14:16:03","2026-04-15 14:16:03",3,email,1
322,3579,"2026-03-28 14:16:03","2026-04-15 14:16:03",9,organic,0
323,4779,"2026-03-25 14:16:03","2026-04-15 14:16:03",8,organic,0
324,3063,"2026-04-14 14:16:03","2026-04-15 14:16:03",4,email,0
325,1232,"2026-03-23 14:16:03","2026-04-15 14:16:03",3,email,0
326,2162,"2026-03-25 14:16:03","2026-04-15 14:16:03",4,organic,1
327,3637,"2026-03-25 14:16:03","2026-04-15 14:16:03",5,email,0
328,3680,"2026-03-31 14:16:03","2026-04-15 14:16:03",4,ads,0
329,3832,"2026-03-27 14:16:03","2026-04-15 14:16:03",10,email,1
330,2982,"2026-04-14 14:16:03","2026-04-15 14:16:03",5,ads,0
331,1776,"2026-03-28 14:16:03","2026-04-15 14:16:03",10,ads,0
332,3761,"2026-04-07 14:16:03","2026-04-15 14:16:03",2,ads,1
333,891,"2026-04-09 14:16:03","2026-04-15 14:16:03",6,ads,0
334,4983,"2026-04-13 14:16:03","2026-04-15 14:16:03",5,ads,0
335,3092,"2026-03-23 14:16:03","2026-04-15 14:16:03",1,ads,0
336,4841,"2026-04-14 14:16:03","2026-04-15 14:16:03",5,email,0
337,3310,"2026-04-10 14:16:03","2026-04-15 14:16:03",9,email,1
338,410,"2026-04-01 14:16:03","2026-04-15 14:16:03",2,organic,1
339,4815,"2026-04-11 14:16:03","2026-04-15 14:16:03",9,email,1
340,2331,"2026-03-21 14:16:03","2026-04-15 14:16:03",9,email,0
341,2992,"2026-04-13 14:16:03","2026-04-15 14:16:03",7,email,1
342,1218,"2026-03-24 14:16:03","2026-04-15 14:16:03",1,ads,0
343,3440,"2026-04-10 14:16:03","2026-04-15 14:16:03",9,email,0
344,3114,"2026-03-29 14:16:03","2026-04-15 14:16:03",1,organic,0
345,1482,"2026-03-25 14:16:03","2026-04-15 14:16:03",7,ads,0
346,3519,"2026-04-13 14:16:03","2026-04-15 14:16:03",4,organic,0
347,4195,"2026-03-23 14:16:03","2026-04-15 14:16:03",4,organic,0
348,1361,"2026-04-15 14:16:03","2026-04-15 14:16:03",3,ads,0
349,2852,"2026-03-23 14:16:03","2026-04-15 14:16:03",2,ads,0
350,967,"2026-04-07 14:16:03","2026-04-15 14:16:03",8,ads,0
351,2250,"2026-03-23 14:16:03","2026-04-15 14:16:03",7,email,0
352,2976,"2026-04-06 14:16:03","2026-04-15 14:16:03",9,ads,0
353,3001,"2026-03-25 14:16:03","2026-04-15 14:16:03",8,organic,0
354,3291,"2026-04-08 14:16:03","2026-04-15 14:16:03",3,organic,0
355,4575,"2026-04-01 14:16:03","2026-04-15 14:16:03",7,email,0
356,2986,"2026-04-03 14:16:03","2026-04-15 14:16:03",3,ads,0
357,1290,"2026-03-21 14:16:03","2026-04-15 14:16:03",5,email,0
358,1310,"2026-04-02 14:16:03","2026-04-15 14:16:03",5,email,0
359,3389,"2026-04-07 14:16:03","2026-04-15 14:16:03",5,ads,1
360,4275,"2026-03-30 14:16:03","2026-04-15 14:16:03",2,ads,0
361,1825,"2026-03-23 14:16:03","2026-04-15 14:16:03",9,email,0
362,1964,"2026-04-08 14:16:03","2026-04-15 14:16:03",2,email,0
363,2562,"2026-04-02 14:16:03","2026-04-15 14:16:03",8,ads,0
364,630,"2026-04-05 14:16:03","2026-04-15 14:16:03",5,ads,0
365,1050,"2026-04-13 14:16:03","2026-04-15 14:16:03",9,email,0
366,4550,"2026-04-09 14:16:03","2026-04-15 14:16:03",4,email,0
367,370,"2026-04-06 14:16:03","2026-04-15 14:16:03",5,ads,0
368,4264,"2026-03-29 14:16:03","2026-04-15 14:16:03",4,email,1
369,3236,"2026-04-02 14:16:03","2026-04-15 14:16:03",4,organic,1
370,1162,"2026-03-31 14:16:03","2026-04-15 14:16:03",10,ads,0
371,1708,"2026-04-09 14:16:03","2026-04-15 14:16:03",10,ads,0
372,1076,"2026-04-10 14:16:03","2026-04-15 14:16:03",3,organic,0
373,1367,"2026-04-13 14:16:03","2026-04-15 14:16:03",6,email,0
374,4898,"2026-04-12 14:16:03","2026-04-15 14:16:03",6,organic,0
375,1684,"2026-04-06 14:16:03","2026-04-15 14:16:03",6,email,1
376,3119,"2026-04-01 14:16:03","2026-04-15 14:16:03",6,organic,0
377,1075,"2026-04-09 14:16:03","2026-04-15 14:16:03",5,email,0
378,1994,"2026-03-26 14:16:03","2026-04-15 14:16:03",3,ads,0
379,4004,"2026-04-08 14:16:03","2026-04-15 14:16:03",8,ads,0
380,1331,"2026-04-05 14:16:03","2026-04-15 14:16:03",10,organic,0
381,4860,"2026-03-25 14:16:03","2026-04-15 14:16:03",8,organic,0
382,4659,"2026-03-23 14:16:03","2026-04-15 14:16:03",2,organic,0
383,1044,"2026-03-21 14:16:03","2026-04-15 14:16:03",6,ads,1
384,2775,"2026-04-14 14:16:03","2026-04-15 14:16:03",7,ads,0
385,3433,"2026-04-06 14:16:03","2026-04-15 14:16:03",5,organic,0
386,3777,"2026-03-25 14:16:03","2026-04-15 14:16:03",3,ads,0
387,1132,"2026-04-08 14:16:03","2026-04-15 14:16:03",7,organic,0
388,1754,"2026-04-03 14:16:03","2026-04-15 14:16:03",1,email,1
389,1100,"2026-04-05 14:16:03","2026-04-15 14:16:03",2,organic,0
390,659,"2026-04-07 14:16:03","2026-04-15 14:16:03",1,organic,0
391,3753,"2026-04-06 14:16:03","2026-04-15 14:16:03",4,email,0
392,4366,"2026-04-08 14:16:03","2026-04-15 14:16:03",6,ads,1
393,1713,"2026-03-20 14:16:03","2026-04-15 14:16:03",4,ads,0
394,4910,"2026-04-08 14:16:03","2026-04-15 14:16:03",3,organic,0
395,785,"2026-04-09 14:16:03","2026-04-15 14:16:03",7,organic,0
396,3964,"2026-04-05 14:16:03","2026-04-15 14:16:03",4,email,0
397,743,"2026-03-28 14:16:03","2026-04-15 14:16:03",7,ads,0
398,2088,"2026-04-02 14:16:03","2026-04-15 14:16:03",1,email,0
399,3713,"2026-04-01 14:16:03","2026-04-15 14:16:03",2,ads,1
400,4381,"2026-03-29 14:16:03","2026-04-15 14:16:03",3,organic,0
401,3447,"2026-03-17 14:16:03","2026-04-15 14:16:03",9,organic,0
402,4904,"2026-03-29 14:16:03","2026-04-15 14:16:03",9,email,0
403,4544,"2026-03-23 14:16:03","2026-04-15 14:16:03",2,organic,0
404,650,"2026-03-28 14:16:03","2026-04-15 14:16:03",7,ads,0
405,3649,"2026-04-03 14:16:03","2026-04-15 14:16:03",10,organic,0
406,3511,"2026-04-07 14:16:03","2026-04-15 14:16:03",3,organic,0
407,2011,"2026-04-08 14:16:03","2026-04-15 14:16:03",10,ads,0
408,1795,"2026-04-11 14:16:03","2026-04-15 14:16:03",7,email,0
409,4138,"2026-03-19 14:16:03","2026-04-15 14:16:03",2,email,0
410,2172,"2026-03-31 14:16:03","2026-04-15 14:16:03",3,email,0
411,2631,"2026-03-26 14:16:03","2026-04-15 14:16:03",9,ads,0
412,2286,"2026-04-13 14:16:03","2026-04-15 14:16:03",10,organic,0
413,1471,"2026-03-23 14:16:03","2026-04-15 14:16:03",10,organic,0
414,4221,"2026-03-20 14:16:03","2026-04-15 14:16:03",9,email,0
415,2687,"2026-04-01 14:16:03","2026-04-15 14:16:03",9,email,0
416,1503,"2026-03-22 14:16:03","2026-04-15 14:16:03",3,email,1
417,3135,"2026-04-09 14:16:03","2026-04-15 14:16:03",3,organic,1
418,3527,"2026-03-17 14:16:03","2026-04-15 14:16:03",8,ads,1
419,4650,"2026-04-09 14:16:03","2026-04-15 14:16:03",4,email,0
420,1259,"2026-04-10 14:16:03","2026-04-15 14:16:03",2,email,0
421,1954,"2026-03-19 14:16:03","2026-04-15 14:16:03",5,organic,0
422,4826,"2026-03-30 14:16:03","2026-04-15 14:16:03",10,email,0
423,2982,"2026-03-27 14:16:03","2026-04-15 14:16:03",5,organic,0
424,816,"2026-03-24 14:16:03","2026-04-15 14:16:03",3,ads,0
425,2587,"2026-03-30 14:16:03","2026-04-15 14:16:03",3,organic,0
426,2271,"2026-03-31 14:16:03","2026-04-15 14:16:03",2,organic,0
427,968,"2026-04-09 14:16:03","2026-04-15 14:16:03",5,email,0
428,320,"2026-03-30 14:16:03","2026-04-15 14:16:03",7,ads,1
429,1349,"2026-03-23 14:16:03","2026-04-15 14:16:03",2,organic,0
430,1404,"2026-03-28 14:16:03","2026-04-15 14:16:03",4,organic,0
431,2127,"2026-04-06 14:16:03","2026-04-15 14:16:03",4,email,1
432,1147,"2026-04-04 14:16:03","2026-04-15 14:16:03",2,email,0
433,4190,"2026-03-30 14:16:03","2026-04-15 14:16:03",3,organic,0
434,1424,"2026-03-29 14:16:03","2026-04-15 14:16:03",1,organic,0
435,1856,"2026-03-22 14:16:03","2026-04-15 14:16:03",10,organic,1
436,1068,"2026-03-31 14:16:03","2026-04-15 14:16:03",10,ads,0
437,3424,"2026-03-29 14:16:03","2026-04-15 14:16:03",10,email,1
438,855,"2026-04-01 14:16:03","2026-04-15 14:16:03",10,ads,0
439,3901,"2026-03-25 14:16:03","2026-04-15 14:16:03",4,organic,0
440,1084,"2026-03-22 14:16:03","2026-04-15 14:16:03",5,organic,0
441,923,"2026-03-22 14:16:03","2026-04-15 14:16:03",6,organic,0
442,1840,"2026-03-20 14:16:03","2026-04-15 14:16:03",3,email,0
443,4047,"2026-04-07 14:16:03","2026-04-15 14:16:03",10,email,0
444,1738,"2026-03-28 14:16:03","2026-04-15 14:16:03",2,email,0
445,3821,"2026-04-07 14:16:03","2026-04-15 14:16:03",2,email,1
446,3216,"2026-03-26 14:16:03","2026-04-15 14:16:03",6,organic,0
447,4518,"2026-03-31 14:16:03","2026-04-15 14:16:03",9,email,1
448,1962,"2026-03-31 14:16:03","2026-04-15 14:16:03",4,ads,0
449,827,"2026-03-29 14:16:03","2026-04-15 14:16:03",5,organic,0
450,1888,"2026-04-02 14:16:03","2026-04-15 14:16:03",1,email,0
451,3536,"2026-03-24 14:16:03","2026-04-15 14:16:03",6,organic,0
452,728,"2026-03-31 14:16:03","2026-04-15 14:16:03",2,organic,0
453,3505,"2026-04-13 14:16:03","2026-04-15 14:16:03",3,ads,1
454,1824,"2026-03-19 14:16:03","2026-04-15 14:16:03",5,email,1
455,2690,"2026-03-18 14:16:03","2026-04-15 14:16:03",2,email,0
456,3530,"2026-03-29 14:16:03","2026-04-15 14:16:03",8,email,0
457,2101,"2026-04-13 14:16:03","2026-04-15 14:16:03",2,email,1
458,92,"2026-03-27 14:16:03","2026-04-15 14:16:03",3,organic,1
459,4292,"2026-04-06 14:16:03","2026-04-15 14:16:03",1,organic,0
460,2964,"2026-04-04 14:16:03","2026-04-15 14:16:03",2,organic,0
461,3178,"2026-04-14 14:16:03","2026-04-15 14:16:03",4,organic,0
462,1104,"2026-04-02 14:16:03","2026-04-15 14:16:03",7,email,1
463,388,"2026-03-23 14:16:03","2026-04-15 14:16:03",8,organic,0
464,2933,"2026-04-05 14:16:03","2026-04-15 14:16:03",10,email,0
465,724,"2026-03-23 14:16:03","2026-04-15 14:16:03",5,ads,0
466,345,"2026-04-12 14:16:03","2026-04-15 14:16:03",3,ads,1
467,1780,"2026-03-21 14:16:03","2026-04-15 14:16:03",3,organic,1
468,1832,"2026-03-21 14:16:03","2026-04-15 14:16:03",2,organic,0
469,3587,"2026-04-11 14:16:03","2026-04-15 14:16:03",6,organic,0
470,4957,"2026-03-20 14:16:03","2026-04-15 14:16:03",5,organic,0
471,4942,"2026-03-25 14:16:03","2026-04-15 14:16:03",6,email,1
472,3971,"2026-03-27 14:16:03","2026-04-15 14:16:03",9,organic,0
473,1393,"2026-03-30 14:16:03","2026-04-15 14:16:03",10,email,1
474,4508,"2026-03-26 14:16:03","2026-04-15 14:16:03",7,ads,0
475,700,"2026-03-22 14:16:03","2026-04-15 14:16:03",8,ads,0
476,2012,"2026-03-17 14:16:03","2026-04-15 14:16:03",8,email,1
477,1268,"2026-04-04 14:16:03","2026-04-15 14:16:03",2,organic,0
478,551,"2026-04-01 14:16:03","2026-04-15 14:16:03",2,ads,0
479,4063,"2026-04-14 14:16:03","2026-04-15 14:16:03",9,ads,0
480,3113,"2026-04-02 14:16:03","2026-04-15 14:16:03",4,ads,0
481,4449,"2026-03-24 14:16:03","2026-04-15 14:16:03",2,organic,0
482,786,"2026-03-25 14:16:03","2026-04-15 14:16:03",2,email,0
483,2442,"2026-04-15 14:16:03","2026-04-15 14:16:03",7,ads,0
484,4660,"2026-04-13 14:16:03","2026-04-15 14:16:03",7,ads,0
485,220,"2026-03-22 14:16:03","2026-04-15 14:16:03",10,ads,0
486,1662,"2026-04-03 14:16:03","2026-04-15 14:16:03",2,ads,0
487,1905,"2026-03-23 14:16:03","2026-04-15 14:16:03",8,organic,0
488,757,"2026-04-15 14:16:03","2026-04-15 14:16:03",6,email,0
489,3332,"2026-03-24 14:16:03","2026-04-15 14:16:03",8,ads,0
490,4541,"2026-04-01 14:16:03","2026-04-15 14:16:03",7,organic,0
491,2061,"2026-03-28 14:16:03","2026-04-15 14:16:03",9,organic,0
492,690,"2026-04-07 14:16:03","2026-04-15 14:16:03",10,ads,0
493,906,"2026-04-12 14:16:03","2026-04-15 14:16:03",2,ads,0
494,2466,"2026-03-28 14:16:03","2026-04-15 14:16:03",7,ads,0
495,1983,"2026-03-26 14:16:03","2026-04-15 14:16:03",2,email,0
496,120,"2026-03-17 14:16:03","2026-04-15 14:16:03",9,ads,0
497,4413,"2026-04-08 14:16:03","2026-04-15 14:16:03",6,email,0
498,3998,"2026-03-28 14:16:03","2026-04-15 14:16:03",8,organic,0
499,3606,"2026-04-09 14:16:03","2026-04-15 14:16:03",9,email,0
500,2365,"2026-03-19 14:16:03","2026-04-15 14:16:03",2,ads,0
501,2119,"2026-03-19 14:16:03","2026-04-15 14:16:03",3,email,0
502,514,"2026-03-29 14:16:03","2026-04-15 14:16:03",7,organic,0
503,3199,"2026-03-18 14:16:03","2026-04-15 14:16:03",10,organic,0
504,3015,"2026-04-01 14:16:03","2026-04-15 14:16:03",7,email,0
505,3478,"2026-03-22 14:16:03","2026-04-15 14:16:03",1,organic,0
506,1858,"2026-03-25 14:16:03","2026-04-15 14:16:03",5,ads,1
507,4623,"2026-03-24 14:16:03","2026-04-15 14:16:03",1,email,0
508,2331,"2026-04-13 14:16:03","2026-04-15 14:16:03",1,ads,0
509,4478,"2026-04-04 14:16:03","2026-04-15 14:16:03",3,email,0
510,2410,"2026-04-09 14:16:03","2026-04-15 14:16:03",7,email,0
511,717,"2026-04-04 14:16:03","2026-04-15 14:16:03",5,ads,0
512,1590,"2026-04-02 14:16:03","2026-04-15 14:16:03",4,ads,1
513,465,"2026-03-25 14:16:03","2026-04-15 14:16:03",3,ads,0
514,4608,"2026-03-27 14:16:03","2026-04-15 14:16:03",5,organic,0
515,2410,"2026-03-22 14:16:03","2026-04-15 14:16:03",8,ads,1
516,4259,"2026-04-06 14:16:03","2026-04-15 14:16:03",1,ads,1
517,121,"2026-04-05 14:16:03","2026-04-15 14:16:03",7,ads,0
518,3204,"2026-04-02 14:16:03","2026-04-15 14:16:03",4,organic,0
519,511,"2026-03-29 14:16:03","2026-04-15 14:16:03",6,ads,1
520,4348,"2026-03-22 14:16:03","2026-04-15 14:16:03",6,ads,0
521,3433,"2026-04-06 14:16:03","2026-04-15 14:16:03",6,email,0
522,1379,"2026-04-07 14:16:03","2026-04-15 14:16:03",6,ads,1
523,4281,"2026-03-24 14:16:03","2026-04-15 14:16:03",2,organic,0
524,3268,"2026-03-29 14:16:03","2026-04-15 14:16:03",10,ads,0
525,155,"2026-03-22 14:16:03","2026-04-15 14:16:03",10,organic,0
526,3595,"2026-04-15 14:16:03","2026-04-15 14:16:03",9,ads,0
527,3807,"2026-03-26 14:16:03","2026-04-15 14:16:03",3,email,1
528,1123,"2026-04-12 14:16:03","2026-04-15 14:16:03",10,organic,0
529,625,"2026-04-13 14:16:03","2026-04-15 14:16:03",10,organic,0
530,2744,"2026-03-21 14:16:03","2026-04-15 14:16:03",7,email,0
531,618,"2026-03-28 14:16:03","2026-04-15 14:16:03",8,email,0
532,3623,"2026-04-14 14:16:03","2026-04-15 14:16:03",1,ads,0
533,2514,"2026-03-24 14:16:03","2026-04-15 14:16:03",2,organic,0
534,2140,"2026-04-11 14:16:03","2026-04-15 14:16:03",5,email,0
535,548,"2026-03-22 14:16:03","2026-04-15 14:16:03",8,ads,0
536,2916,"2026-03-25 14:16:03","2026-04-15 14:16:03",8,email,0
537,2715,"2026-04-04 14:16:03","2026-04-15 14:16:03",3,ads,0
538,1068,"2026-03-26 14:16:03","2026-04-15 14:16:03",8,email,0
539,4166,"2026-03-21 14:16:03","2026-04-15 14:16:03",8,ads,0
540,4908,"2026-04-04 14:16:03","2026-04-15 14:16:03",10,email,0
541,1824,"2026-04-04 14:16:03","2026-04-15 14:16:03",9,ads,0
542,1691,"2026-04-09 14:16:03","2026-04-15 14:16:03",1,email,0
543,85,"2026-04-02 14:16:03","2026-04-15 14:16:03",2,organic,0
544,3937,"2026-04-14 14:16:03","2026-04-15 14:16:03",9,ads,1
545,1034,"2026-04-05 14:16:03","2026-04-15 14:16:03",2,email,0
546,3307,"2026-04-03 14:16:03","2026-04-15 14:16:03",1,email,0
547,906,"2026-04-12 14:16:03","2026-04-15 14:16:03",1,email,0
548,1936,"2026-04-02 14:16:03","2026-04-15 14:16:03",1,email,1
549,4180,"2026-03-26 14:16:03","2026-04-15 14:16:03",9,organic,0
550,4207,"2026-03-18 14:16:03","2026-04-15 14:16:03",3,ads,0
551,4343,"2026-03-22 14:16:03","2026-04-15 14:16:03",5,email,0
552,2817,"2026-04-02 14:16:03","2026-04-15 14:16:03",7,email,0
553,4162,"2026-04-14 14:16:03","2026-04-15 14:16:03",7,organic,0
554,3205,"2026-03-18 14:16:03","2026-04-15 14:16:03",9,organic,0
555,574,"2026-04-01 14:16:03","2026-04-15 14:16:03",1,email,0
556,1619,"2026-04-02 14:16:03","2026-04-15 14:16:03",3,email,0
557,3182,"2026-03-19 14:16:03","2026-04-15 14:16:03",8,email,0
558,3748,"2026-03-18 14:16:03","2026-04-15 14:16:03",6,ads,0
559,3916,"2026-03-23 14:16:03","2026-04-15 14:16:03",7,email,0
560,4791,"2026-03-20 14:16:03","2026-04-15 14:16:03",6,ads,1
561,4880,"2026-04-06 14:16:03","2026-04-15 14:16:03",7,ads,0
562,3457,"2026-04-06 14:16:03","2026-04-15 14:16:03",5,organic,0
563,2934,"2026-03-20 14:16:03","2026-04-15 14:16:03",7,email,1
564,2166,"2026-04-08 14:16:03","2026-04-15 14:16:03",10,email,0
565,1279,"2026-04-08 14:16:03","2026-04-15 14:16:03",6,email,0
566,4561,"2026-04-13 14:16:03","2026-04-15 14:16:03",7,ads,0
567,614,"2026-04-11 14:16:03","2026-04-15 14:16:03",5,email,0
568,2273,"2026-03-29 14:16:03","2026-04-15 14:16:03",6,ads,0
569,2689,"2026-04-13 14:16:03","2026-04-15 14:16:03",9,email,0
570,3762,"2026-04-02 14:16:03","2026-04-15 14:16:03",10,organic,0
571,222,"2026-04-14 14:16:03","2026-04-15 14:16:03",1,ads,0
572,3235,"2026-03-17 14:16:03","2026-04-15 14:16:03",10,organic,0
573,2306,"2026-03-20 14:16:03","2026-04-15 14:16:03",10,ads,0
574,3990,"2026-04-04 14:16:03","2026-04-15 14:16:03",5,ads,1
575,4212,"2026-04-03 14:16:03","2026-04-15 14:16:03",6,organic,0
576,3135,"2026-04-04 14:16:03","2026-04-15 14:16:03",10,email,0
577,4392,"2026-03-28 14:16:03","2026-04-15 14:16:03",5,organic,0
578,219,"2026-03-17 14:16:03","2026-04-15 14:16:03",8,email,0
579,74,"2026-04-02 14:16:03","2026-04-15 14:16:03",3,email,0
580,955,"2026-04-07 14:16:03","2026-04-15 14:16:03",9,organic,0
581,4935,"2026-03-21 14:16:03","2026-04-15 14:16:03",3,email,0
582,1330,"2026-04-05 14:16:03","2026-04-15 14:16:03",10,email,0
583,1959,"2026-04-02 14:16:03","2026-04-15 14:16:03",1,email,0
584,1013,"2026-04-11 14:16:03","2026-04-15 14:16:03",3,organic,0
585,2310,"2026-03-29 14:16:03","2026-04-15 14:16:03",6,ads,0
586,962,"2026-03-31 14:16:03","2026-04-15 14:16:03",10,ads,0
587,2581,"2026-04-01 14:16:03","2026-04-15 14:16:03",10,ads,0
588,1911,"2026-03-25 14:16:03","2026-04-15 14:16:03",5,email,0
589,1099,"2026-03-29 14:16:03","2026-04-15 14:16:03",4,email,1
590,991,"2026-04-07 14:16:03","2026-04-15 14:16:03",9,organic,1
591,4121,"2026-03-31 14:16:03","2026-04-15 14:16:03",2,ads,1
592,2542,"2026-03-18 14:16:03","2026-04-15 14:16:03",2,email,0
593,2111,"2026-03-26 14:16:03","2026-04-15 14:16:03",1,organic,1
594,4792,"2026-04-08 14:16:03","2026-04-15 14:16:03",5,organic,0
595,331,"2026-04-13 14:16:03","2026-04-15 14:16:03",3,email,0
596,2472,"2026-03-27 14:16:03","2026-04-15 14:16:03",7,organic,1
597,902,"2026-03-30 14:16:03","2026-04-15 14:16:03",3,organic,0
598,4469,"2026-04-03 14:16:03","2026-04-15 14:16:03",4,organic,0
599,2565,"2026-04-13 14:16:03","2026-04-15 14:16:03",9,ads,0
600,2037,"2026-03-23 14:16:03","2026-04-15 14:16:03",8,organic,0
601,273,"2026-04-05 14:16:03","2026-04-15 14:16:03",7,ads,0
602,2414,"2026-04-02 14:16:03","2026-04-15 14:16:03",9,email,0
603,4100,"2026-04-13 14:16:03","2026-04-15 14:16:03",1,email,0
604,589,"2026-04-09 14:16:03","2026-04-15 14:16:03",7,email,0
605,1891,"2026-04-03 14:16:03","2026-04-15 14:16:03",10,organic,0
606,4913,"2026-04-10 14:16:03","2026-04-15 14:16:03",1,organic,0
607,1747,"2026-03-17 14:16:03","2026-04-15 14:16:03",9,ads,0
608,2461,"2026-04-11 14:16:03","2026-04-15 14:16:03",4,ads,0
609,4149,"2026-04-11 14:16:03","2026-04-15 14:16:03",3,email,0
610,1714,"2026-04-06 14:16:03","2026-04-15 14:16:03",6,email,0
611,3749,"2026-03-25 14:16:03","2026-04-15 14:16:03",4,email,0
612,3122,"2026-04-12 14:16:03","2026-04-15 14:16:03",7,email,0
613,3057,"2026-03-25 14:16:03","2026-04-15 14:16:03",8,email,0
614,75,"2026-03-26 14:16:03","2026-04-15 14:16:03",4,email,0
615,2365,"2026-04-15 14:16:03","2026-04-15 14:16:03",7,ads,0
616,4693,"2026-04-02 14:16:03","2026-04-15 14:16:03",4,organic,0
617,1430,"2026-04-04 14:16:03","2026-04-15 14:16:03",1,ads,1
618,3485,"2026-03-20 14:16:03","2026-04-15 14:16:03",3,email,0
619,1836,"2026-03-24 14:16:03","2026-04-15 14:16:03",8,ads,0
620,1113,"2026-03-22 14:16:03","2026-04-15 14:16:03",4,ads,0
621,4161,"2026-04-10 14:16:03","2026-04-15 14:16:03",5,organic,0
622,1209,"2026-04-03 14:16:03","2026-04-15 14:16:03",5,email,1
623,1281,"2026-04-04 14:16:03","2026-04-15 14:16:03",3,email,1
624,4906,"2026-04-14 14:16:03","2026-04-15 14:16:03",4,organic,0
625,4757,"2026-03-17 14:16:03","2026-04-15 14:16:03",1,organic,0
626,3984,"2026-03-20 14:16:03","2026-04-15 14:16:03",1,organic,0
627,375,"2026-04-01 14:16:03","2026-04-15 14:16:03",2,ads,0
628,4231,"2026-03-24 14:16:03","2026-04-15 14:16:03",2,organic,0
629,3480,"2026-04-07 14:16:03","2026-04-15 14:16:03",4,email,0
630,3893,"2026-04-04 14:16:03","2026-04-15 14:16:03",6,organic,0
631,998,"2026-04-13 14:16:03","2026-04-15 14:16:03",9,email,1
632,1152,"2026-03-20 14:16:03","2026-04-15 14:16:03",9,organic,0
633,1519,"2026-03-25 14:16:03","2026-04-15 14:16:03",8,organic,0
634,4473,"2026-03-27 14:16:03","2026-04-15 14:16:03",6,organic,0
635,3036,"2026-03-19 14:16:03","2026-04-15 14:16:03",7,email,0
636,545,"2026-04-09 14:16:03","2026-04-15 14:16:03",9,organic,0
637,351,"2026-04-14 14:16:03","2026-04-15 14:16:03",10,email,0
638,4753,"2026-03-19 14:16:03","2026-04-15 14:16:03",8,ads,0
639,227,"2026-04-04 14:16:03","2026-04-15 14:16:03",8,organic,0
640,3689,"2026-04-07 14:16:03","2026-04-15 14:16:03",3,ads,1
641,1176,"2026-03-26 14:16:03","2026-04-15 14:16:03",7,organic,0
642,1865,"2026-04-02 14:16:03","2026-04-15 14:16:03",1,email,1
643,4217,"2026-03-19 14:16:03","2026-04-15 14:16:03",2,email,1
644,1273,"2026-04-05 14:16:03","2026-04-15 14:16:03",10,email,0
645,2139,"2026-04-15 14:16:03","2026-04-15 14:16:03",8,organic,0
646,493,"2026-04-01 14:16:03","2026-04-15 14:16:03",2,ads,0
647,1819,"2026-04-14 14:16:03","2026-04-15 14:16:03",2,organic,0
648,2391,"2026-04-13 14:16:03","2026-04-15 14:16:03",10,organic,0
649,4524,"2026-03-21 14:16:03","2026-04-15 14:16:03",7,organic,0
650,1867,"2026-04-10 14:16:03","2026-04-15 14:16:03",8,ads,1
651,3686,"2026-04-14 14:16:03","2026-04-15 14:16:03",10,email,0
652,2702,"2026-04-02 14:16:03","2026-04-15 14:16:03",7,ads,0
653,3846,"2026-03-29 14:16:03","2026-04-15 14:16:03",7,organic,0
654,764,"2026-04-13 14:16:03","2026-04-15 14:16:03",10,organic,1
655,1263,"2026-03-18 14:16:03","2026-04-15 14:16:03",1,organic,1
656,1257,"2026-03-30 14:16:03","2026-04-15 14:16:03",1,organic,0
657,1527,"2026-04-11 14:16:03","2026-04-15 14:16:03",9,email,1
658,1809,"2026-04-03 14:16:03","2026-04-15 14:16:03",10,organic,0
659,2191,"2026-04-11 14:16:03","2026-04-15 14:16:03",6,ads,0
660,728,"2026-03-23 14:16:03","2026-04-15 14:16:03",5,ads,0
661,1252,"2026-04-07 14:16:03","2026-04-15 14:16:03",7,ads,0
662,4597,"2026-03-18 14:16:03","2026-04-15 14:16:03",10,email,0
663,12,"2026-03-21 14:16:03","2026-04-15 14:16:03",3,organic,0
664,4797,"2026-04-03 14:16:03","2026-04-15 14:16:03",3,email,0
665,1444,"2026-03-24 14:16:03","2026-04-15 14:16:03",9,ads,0
666,3227,"2026-04-09 14:16:03","2026-04-15 14:16:03",2,ads,0
667,2689,"2026-03-31 14:16:03","2026-04-15 14:16:03",10,organic,0
668,2220,"2026-03-23 14:16:03","2026-04-15 14:16:03",6,organic,1
669,311,"2026-03-31 14:16:03","2026-04-15 14:16:03",4,organic,1
670,3393,"2026-04-04 14:16:03","2026-04-15 14:16:03",10,organic,1
671,4263,"2026-03-30 14:16:03","2026-04-15 14:16:03",3,organic,0
672,2946,"2026-04-13 14:16:03","2026-04-15 14:16:03",7,ads,0
673,3159,"2026-04-14 14:16:03","2026-04-15 14:16:03",4,organic,0
674,3104,"2026-04-10 14:16:03","2026-04-15 14:16:03",1,organic,0
675,4462,"2026-03-18 14:16:03","2026-04-15 14:16:03",1,ads,0
676,1973,"2026-03-29 14:16:03","2026-04-15 14:16:03",8,email,0
677,842,"2026-04-04 14:16:03","2026-04-15 14:16:03",5,email,0
678,1521,"2026-03-30 14:16:03","2026-04-15 14:16:03",9,email,1
679,3679,"2026-03-25 14:16:03","2026-04-15 14:16:03",5,ads,0
680,1057,"2026-03-24 14:16:03","2026-04-15 14:16:03",2,organic,0
681,3817,"2026-03-27 14:16:03","2026-04-15 14:16:03",10,email,0
682,2159,"2026-03-18 14:16:03","2026-04-15 14:16:03",5,organic,0
683,1637,"2026-04-03 14:16:03","2026-04-15 14:16:03",1,email,1
684,4766,"2026-04-03 14:16:03","2026-04-15 14:16:03",4,ads,0
685,1716,"2026-04-12 14:16:03","2026-04-15 14:16:03",6,ads,0
686,2954,"2026-03-18 14:16:03","2026-04-15 14:16:03",1,organic,1
687,4858,"2026-04-05 14:16:03","2026-04-15 14:16:03",9,ads,1
688,2719,"2026-03-21 14:16:03","2026-04-15 14:16:03",6,ads,0
689,4789,"2026-03-20 14:16:03","2026-04-15 14:16:03",6,ads,1
690,2747,"2026-03-23 14:16:03","2026-04-15 14:16:03",3,email,0
691,3098,"2026-04-11 14:16:03","2026-04-15 14:16:03",9,ads,0
692,1573,"2026-04-12 14:16:03","2026-04-15 14:16:03",7,email,0
693,1966,"2026-04-13 14:16:03","2026-04-15 14:16:03",2,email,0
694,2135,"2026-03-24 14:16:03","2026-04-15 14:16:03",5,email,0
695,1120,"2026-03-20 14:16:03","2026-04-15 14:16:03",8,ads,0
696,2498,"2026-03-26 14:16:03","2026-04-15 14:16:03",9,ads,0
697,2455,"2026-04-09 14:16:03","2026-04-15 14:16:03",7,email,0
698,3508,"2026-04-01 14:16:03","2026-04-15 14:16:03",3,email,0
699,2713,"2026-04-03 14:16:03","2026-04-15 14:16:03",4,email,0
700,3375,"2026-04-06 14:16:03","2026-04-15 14:16:03",6,email,1
701,3016,"2026-04-10 14:16:03","2026-04-15 14:16:03",2,ads,0
702,3022,"2026-03-21 14:16:03","2026-04-15 14:16:03",4,ads,0
703,3328,"2026-04-02 14:16:03","2026-04-15 14:16:03",2,email,1
704,3981,"2026-03-26 14:16:03","2026-04-15 14:16:03",1,organic,0
705,2166,"2026-03-26 14:16:03","2026-04-15 14:16:03",1,ads,0
706,2143,"2026-04-05 14:16:03","2026-04-15 14:16:03",6,organic,0
707,3814,"2026-04-09 14:16:03","2026-04-15 14:16:03",8,ads,1
708,4115,"2026-04-04 14:16:03","2026-04-15 14:16:03",4,email,1
709,1755,"2026-03-21 14:16:03","2026-04-15 14:16:03",3,organic,0
710,3636,"2026-03-25 14:16:03","2026-04-15 14:16:03",4,email,1
711,1575,"2026-03-26 14:16:03","2026-04-15 14:16:03",6,organic,0
712,4060,"2026-03-22 14:16:03","2026-04-15 14:16:03",7,email,0
713,4403,"2026-03-30 14:16:03","2026-04-15 14:16:03",1,organic,0
714,2019,"2026-04-09 14:16:03","2026-04-15 14:16:03",9,organic,0
715,2076,"2026-04-02 14:16:03","2026-04-15 14:16:03",1,email,0
716,1142,"2026-03-24 14:16:03","2026-04-15 14:16:03",1,email,1
717,4406,"2026-04-12 14:16:03","2026-04-15 14:16:03",10,ads,1
718,264,"2026-03-21 14:16:03","2026-04-15 14:16:03",2,ads,1
719,3717,"2026-04-03 14:16:03","2026-04-15 14:16:03",10,ads,0
720,3020,"2026-03-18 14:16:03","2026-04-15 14:16:03",9,organic,0
721,93,"2026-03-17 14:16:03","2026-04-15 14:16:03",10,organic,0
722,2876,"2026-04-14 14:16:03","2026-04-15 14:16:03",5,ads,0
723,3661,"2026-03-27 14:16:03","2026-04-15 14:16:03",10,email,0
724,1074,"2026-03-18 14:16:03","2026-04-15 14:16:03",2,email,0
725,3324,"2026-03-20 14:16:03","2026-04-15 14:16:03",4,ads,0
726,1720,"2026-03-25 14:16:03","2026-04-15 14:16:03",6,organic,0
727,3023,"2026-04-09 14:16:03","2026-04-15 14:16:03",3,organic,0
728,4813,"2026-03-25 14:16:03","2026-04-15 14:16:03",7,ads,1
729,3819,"2026-04-08 14:16:03","2026-04-15 14:16:03",1,ads,0
730,2609,"2026-04-11 14:16:03","2026-04-15 14:16:03",2,ads,0
731,4603,"2026-04-02 14:16:03","2026-04-15 14:16:03",6,ads,0
732,467,"2026-03-22 14:16:03","2026-04-15 14:16:03",8,organic,0
733,4202,"2026-04-15 14:16:03","2026-04-15 14:16:03",7,ads,0
734,3552,"2026-04-03 14:16:03","2026-04-15 14:16:03",1,email,0
735,2511,"2026-03-21 14:16:03","2026-04-15 14:16:03",8,ads,0
736,4751,"2026-04-08 14:16:03","2026-04-15 14:16:03",4,ads,0
737,1928,"2026-04-08 14:16:03","2026-04-15 14:16:03",1,email,0
738,4112,"2026-03-20 14:16:03","2026-04-15 14:16:03",10,ads,0
739,1652,"2026-04-02 14:16:03","2026-04-15 14:16:03",2,organic,0
740,2433,"2026-04-05 14:16:03","2026-04-15 14:16:03",4,email,0
741,1261,"2026-03-22 14:16:03","2026-04-15 14:16:03",4,organic,1
742,3418,"2026-04-02 14:16:03","2026-04-15 14:16:03",2,organic,0
743,3905,"2026-03-22 14:16:03","2026-04-15 14:16:03",7,email,0
744,3542,"2026-04-12 14:16:03","2026-04-15 14:16:03",5,email,0
745,4655,"2026-04-07 14:16:03","2026-04-15 14:16:03",7,organic,0
746,569,"2026-04-04 14:16:03","2026-04-15 14:16:03",6,organic,0
747,2309,"2026-03-26 14:16:03","2026-04-15 14:16:03",1,organic,0
748,1699,"2026-04-07 14:16:03","2026-04-15 14:16:03",4,email,0
749,1,"2026-04-14 14:16:03","2026-04-15 14:16:03",3,email,0
750,2977,"2026-03-25 14:16:03","2026-04-15 14:16:03",8,email,0
751,303,"2026-04-10 14:16:03","2026-04-15 14:16:03",9,organic,1
752,2443,"2026-04-11 14:16:03","2026-04-15 14:16:03",4,organic,0
753,4617,"2026-03-21 14:16:03","2026-04-15 14:16:03",6,email,0
754,799,"2026-04-09 14:16:03","2026-04-15 14:16:03",6,ads,0
755,1475,"2026-03-28 14:16:03","2026-04-15 14:16:03",2,email,1
756,48,"2026-04-07 14:16:03","2026-04-15 14:16:03",4,ads,0
757,1180,"2026-04-07 14:16:03","2026-04-15 14:16:03",7,organic,1
758,3572,"2026-03-26 14:16:03","2026-04-15 14:16:03",2,email,0
759,1335,"2026-03-27 14:16:03","2026-04-15 14:16:03",5,ads,0
760,810,"2026-04-09 14:16:03","2026-04-15 14:16:03",7,email,0
761,4952,"2026-03-25 14:16:03","2026-04-15 14:16:03",7,email,1
762,1783,"2026-04-07 14:16:03","2026-04-15 14:16:03",4,email,0
763,532,"2026-04-10 14:16:03","2026-04-15 14:16:03",7,organic,1
764,1248,"2026-03-18 14:16:03","2026-04-15 14:16:03",1,ads,0
765,228,"2026-04-14 14:16:03","2026-04-15 14:16:03",2,email,0
766,2988,"2026-04-01 14:16:03","2026-04-15 14:16:03",7,email,0
767,1662,"2026-03-30 14:16:03","2026-04-15 14:16:03",9,organic,0
768,167,"2026-04-10 14:16:03","2026-04-15 14:16:03",8,organic,0
769,1660,"2026-03-31 14:16:03","2026-04-15 14:16:03",6,ads,0
770,2211,"2026-03-18 14:16:03","2026-04-15 14:16:03",5,organic,0
771,1704,"2026-04-02 14:16:03","2026-04-15 14:16:03",3,email,1
772,351,"2026-04-13 14:16:03","2026-04-15 14:16:03",3,email,0
773,3633,"2026-04-15 14:16:03","2026-04-15 14:16:03",10,email,0
774,2275,"2026-03-23 14:16:03","2026-04-15 14:16:03",7,email,1
775,1617,"2026-03-21 14:16:03","2026-04-15 14:16:03",3,email,0
776,1696,"2026-04-07 14:16:03","2026-04-15 14:16:03",4,email,0
777,2690,"2026-03-27 14:16:03","2026-04-15 14:16:03",7,organic,0
778,3,"2026-04-11 14:16:03","2026-04-15 14:16:03",8,organic,0
779,4969,"2026-04-13 14:16:03","2026-04-15 14:16:03",4,email,0
780,3282,"2026-04-09 14:16:03","2026-04-15 14:16:03",2,ads,0
781,2185,"2026-03-26 14:16:03","2026-04-15 14:16:03",2,organic,0
782,561,"2026-03-22 14:16:03","2026-04-15 14:16:03",8,organic,0
783,755,"2026-03-24 14:16:03","2026-04-15 14:16:03",3,ads,0
784,1933,"2026-04-06 14:16:03","2026-04-15 14:16:03",4,ads,1
785,2066,"2026-04-04 14:16:03","2026-04-15 14:16:03",8,organic,0
786,1781,"2026-03-19 14:16:03","2026-04-15 14:16:03",6,ads,1
787,4169,"2026-03-27 14:16:03","2026-04-15 14:16:03",8,ads,0
788,709,"2026-03-22 14:16:03","2026-04-15 14:16:03",7,email,0
789,2235,"2026-03-26 14:16:03","2026-04-15 14:16:03",1,ads,0
790,3120,"2026-03-26 14:16:03","2026-04-15 14:16:03",6,email,0
791,3579,"2026-04-06 14:16:03","2026-04-15 14:16:03",6,organic,0
792,4515,"2026-04-08 14:16:03","2026-04-15 14:16:03",5,email,0
793,4747,"2026-03-24 14:16:03","2026-04-15 14:16:03",9,email,0
794,3418,"2026-04-01 14:16:03","2026-04-15 14:16:03",4,ads,1
795,2199,"2026-03-20 14:16:03","2026-04-15 14:16:03",1,email,0
796,2440,"2026-03-23 14:16:03","2026-04-15 14:16:03",5,email,0
797,3970,"2026-03-26 14:16:03","2026-04-15 14:16:03",2,organic,1
798,2392,"2026-04-01 14:16:03","2026-04-15 14:16:03",10,ads,0
799,2280,"2026-03-18 14:16:03","2026-04-15 14:16:03",5,ads,0
800,1501,"2026-04-02 14:16:03","2026-04-15 14:16:03",4,organic,0
801,4543,"2026-03-24 14:16:03","2026-04-15 14:16:03",1,email,1
802,30,"2026-04-03 14:16:03","2026-04-15 14:16:03",2,organic,0
803,4354,"2026-04-01 14:16:03","2026-04-15 14:16:03",9,email,0
804,4296,"2026-04-09 14:16:03","2026-04-15 14:16:03",6,ads,0
805,2531,"2026-04-10 14:16:03","2026-04-15 14:16:03",5,organic,0
806,3391,"2026-04-06 14:16:03","2026-04-15 14:16:03",5,organic,0
807,436,"2026-04-14 14:16:03","2026-04-15 14:16:03",1,email,0
808,3737,"2026-03-18 14:16:03","2026-04-15 14:16:03",6,email,0
809,4844,"2026-03-23 14:16:03","2026-04-15 14:16:03",10,organic,0
810,1626,"2026-03-21 14:16:03","2026-04-15 14:16:03",4,ads,0
811,619,"2026-03-21 14:16:03","2026-04-15 14:16:03",10,ads,0
812,2021,"2026-03-23 14:16:03","2026-04-15 14:16:03",7,email,1
813,4666,"2026-04-03 14:16:03","2026-04-15 14:16:03",3,ads,0
814,368,"2026-04-14 14:16:03","2026-04-15 14:16:03",1,ads,1
815,3802,"2026-03-19 14:16:03","2026-04-15 14:16:03",4,email,0
816,2418,"2026-04-02 14:16:03","2026-04-15 14:16:03",8,organic,1
817,1879,"2026-04-14 14:16:03","2026-04-15 14:16:03",2,email,0
818,3317,"2026-03-23 14:16:03","2026-04-15 14:16:03",9,email,0
819,4839,"2026-03-26 14:16:03","2026-04-15 14:16:03",5,ads,0
820,1332,"2026-03-27 14:16:03","2026-04-15 14:16:03",6,organic,0
821,3218,"2026-04-03 14:16:03","2026-04-15 14:16:03",3,email,0
822,2984,"2026-04-02 14:16:03","2026-04-15 14:16:03",5,ads,0
823,4071,"2026-03-17 14:16:03","2026-04-15 14:16:03",6,email,0
824,3277,"2026-03-26 14:16:03","2026-04-15 14:16:03",6,organic,1
825,3655,"2026-04-11 14:16:03","2026-04-15 14:16:03",7,organic,0
826,3687,"2026-03-26 14:16:03","2026-04-15 14:16:03",3,ads,0
827,252,"2026-04-06 14:16:03","2026-04-15 14:16:03",4,email,0
828,4517,"2026-03-19 14:16:03","2026-04-15 14:16:03",9,organic,0
829,1107,"2026-04-04 14:16:03","2026-04-15 14:16:03",2,email,0
830,3826,"2026-03-21 14:16:03","2026-04-15 14:16:03",10,ads,0
831,3208,"2026-04-09 14:16:03","2026-04-15 14:16:03",1,email,1
832,2042,"2026-04-14 14:16:03","2026-04-15 14:16:03",1,ads,0
833,1685,"2026-04-15 14:16:03","2026-04-15 14:16:03",1,ads,1
834,4135,"2026-04-02 14:16:03","2026-04-15 14:16:03",9,email,0
835,3975,"2026-03-17 14:16:03","2026-04-15 14:16:03",6,email,1
836,2071,"2026-04-05 14:16:03","2026-04-15 14:16:03",6,email,0
837,2800,"2026-03-30 14:16:03","2026-04-15 14:16:03",2,email,0
838,1530,"2026-04-09 14:16:03","2026-04-15 14:16:03",2,email,0
839,479,"2026-04-06 14:16:03","2026-04-15 14:16:03",4,organic,0
840,3937,"2026-03-30 14:16:03","2026-04-15 14:16:03",5,organic,0
841,4740,"2026-03-31 14:16:03","2026-04-15 14:16:03",8,ads,1
842,4887,"2026-04-14 14:16:03","2026-04-15 14:16:03",4,organic,0
843,920,"2026-03-19 14:16:03","2026-04-15 14:16:03",10,ads,0
844,4176,"2026-03-17 14:16:03","2026-04-15 14:16:03",5,ads,0
845,4891,"2026-04-02 14:16:03","2026-04-15 14:16:03",3,email,0
846,4577,"2026-04-03 14:16:03","2026-04-15 14:16:03",5,email,0
847,1331,"2026-04-11 14:16:03","2026-04-15 14:16:03",9,email,0
848,196,"2026-03-27 14:16:03","2026-04-15 14:16:03",1,organic,0
849,141,"2026-04-01 14:16:03","2026-04-15 14:16:03",5,organic,0
850,4187,"2026-03-25 14:16:03","2026-04-15 14:16:03",1,email,1
851,540,"2026-04-12 14:16:03","2026-04-15 14:16:03",4,ads,1
852,3688,"2026-04-10 14:16:03","2026-04-15 14:16:03",7,email,0
853,2605,"2026-04-05 14:16:03","2026-04-15 14:16:03",3,ads,0
854,538,"2026-03-30 14:16:03","2026-04-15 14:16:03",5,organic,1
855,4534,"2026-04-14 14:16:03","2026-04-15 14:16:03",6,organic,0
856,1515,"2026-04-06 14:16:03","2026-04-15 14:16:03",7,ads,1
857,2238,"2026-04-07 14:16:03","2026-04-15 14:16:03",10,ads,1
858,2975,"2026-03-30 14:16:03","2026-04-15 14:16:03",9,email,0
859,4187,"2026-03-22 14:16:03","2026-04-15 14:16:03",5,ads,1
860,1855,"2026-04-13 14:16:03","2026-04-15 14:16:03",3,ads,0
861,3756,"2026-03-20 14:16:03","2026-04-15 14:16:03",2,ads,1
862,3365,"2026-04-03 14:16:03","2026-04-15 14:16:03",1,email,0
863,4777,"2026-04-12 14:16:03","2026-04-15 14:16:03",8,organic,0
864,3361,"2026-03-19 14:16:03","2026-04-15 14:16:03",7,organic,1
865,272,"2026-03-22 14:16:03","2026-04-15 14:16:03",10,organic,0
866,4096,"2026-03-25 14:16:03","2026-04-15 14:16:03",2,organic,0
867,4439,"2026-03-22 14:16:03","2026-04-15 14:16:03",5,email,0
868,2084,"2026-04-14 14:16:03","2026-04-15 14:16:03",10,organic,1
869,4606,"2026-03-20 14:16:03","2026-04-15 14:16:03",7,organic,0
870,1285,"2026-04-07 14:16:03","2026-04-15 14:16:03",6,ads,0
871,393,"2026-04-03 14:16:03","2026-04-15 14:16:03",8,email,0
872,2020,"2026-03-24 14:16:03","2026-04-15 14:16:03",6,ads,1
873,3514,"2026-03-23 14:16:03","2026-04-15 14:16:03",8,organic,1
874,1065,"2026-03-29 14:16:03","2026-04-15 14:16:03",3,organic,1
875,1744,"2026-04-03 14:16:03","2026-04-15 14:16:03",2,ads,1
876,3473,"2026-03-22 14:16:03","2026-04-15 14:16:03",1,email,0
877,2806,"2026-03-21 14:16:03","2026-04-15 14:16:03",6,ads,1
878,3716,"2026-04-05 14:16:03","2026-04-15 14:16:03",5,organic,1
879,3253,"2026-03-22 14:16:03","2026-04-15 14:16:03",3,organic,0
880,4722,"2026-04-05 14:16:03","2026-04-15 14:16:03",10,email,0
881,3681,"2026-04-09 14:16:03","2026-04-15 14:16:03",10,email,1
882,1942,"2026-04-02 14:16:03","2026-04-15 14:16:03",2,ads,1
883,3759,"2026-04-14 14:16:03","2026-04-15 14:16:03",10,email,0
884,1844,"2026-03-25 14:16:03","2026-04-15 14:16:03",5,ads,1
885,1452,"2026-04-15 14:16:03","2026-04-15 14:16:03",3,ads,0
886,3532,"2026-04-14 14:16:03","2026-04-15 14:16:03",1,ads,0
887,1864,"2026-03-23 14:16:03","2026-04-15 14:16:03",9,email,0
888,4756,"2026-03-27 14:16:03","2026-04-15 14:16:03",5,ads,0
889,1072,"2026-04-14 14:16:03","2026-04-15 14:16:03",7,email,1
890,204,"2026-04-09 14:16:03","2026-04-15 14:16:03",10,ads,0
891,4692,"2026-03-18 14:16:03","2026-04-15 14:16:03",1,ads,0
892,17,"2026-03-18 14:16:03","2026-04-15 14:16:03",8,ads,1
893,3870,"2026-03-20 14:16:03","2026-04-15 14:16:03",1,organic,0
894,3007,"2026-04-14 14:16:03","2026-04-15 14:16:03",5,ads,0
895,4083,"2026-03-17 14:16:03","2026-04-15 14:16:03",5,organic,0
896,1627,"2026-04-11 14:16:03","2026-04-15 14:16:03",8,organic,1
897,1637,"2026-03-22 14:16:03","2026-04-15 14:16:03",2,ads,1
898,3715,"2026-03-24 14:16:03","2026-04-15 14:16:03",6,email,0
899,1524,"2026-04-01 14:16:03","2026-04-15 14:16:03",6,ads,0
900,4783,"2026-04-10 14:16:03","2026-04-15 14:16:03",2,email,0
901,3967,"2026-04-15 14:16:03","2026-04-15 14:16:03",8,email,0
902,3839,"2026-03-27 14:16:03","2026-04-15 14:16:03",10,email,1
903,2432,"2026-03-29 14:16:03","2026-04-15 14:16:03",5,organic,0
904,3724,"2026-03-19 14:16:03","2026-04-15 14:16:03",5,ads,0
905,1291,"2026-03-28 14:16:03","2026-04-15 14:16:03",3,organic,0
906,3820,"2026-04-07 14:16:03","2026-04-15 14:16:03",2,email,0
907,552,"2026-03-23 14:16:03","2026-04-15 14:16:03",7,email,0
908,635,"2026-04-06 14:16:03","2026-04-15 14:16:03",2,email,0
909,2337,"2026-03-31 14:16:03","2026-04-15 14:16:03",3,organic,1
910,1784,"2026-03-22 14:16:03","2026-04-15 14:16:03",1,organic,1
911,2243,"2026-03-24 14:16:03","2026-04-15 14:16:03",5,email,1
912,4473,"2026-03-21 14:16:03","2026-04-15 14:16:03",6,ads,1
913,2451,"2026-03-23 14:16:03","2026-04-15 14:16:03",4,organic,0
914,2978,"2026-03-28 14:16:03","2026-04-15 14:16:03",4,email,0
915,684,"2026-03-19 14:16:03","2026-04-15 14:16:03",2,ads,1
916,82,"2026-03-30 14:16:03","2026-04-15 14:16:03",8,email,0
917,4782,"2026-04-12 14:16:03","2026-04-15 14:16:03",7,ads,0
918,2172,"2026-03-20 14:16:03","2026-04-15 14:16:03",1,email,0
919,1724,"2026-03-21 14:16:03","2026-04-15 14:16:03",3,email,0
920,4954,"2026-04-04 14:16:03","2026-04-15 14:16:03",9,ads,0
921,2629,"2026-03-27 14:16:03","2026-04-15 14:16:03",7,organic,0
922,3252,"2026-03-18 14:16:03","2026-04-15 14:16:03",9,ads,0
923,2818,"2026-04-01 14:16:03","2026-04-15 14:16:03",8,organic,0
924,824,"2026-03-22 14:16:03","2026-04-15 14:16:03",6,ads,0
925,95,"2026-04-01 14:16:03","2026-04-15 14:16:03",4,ads,0
926,3805,"2026-03-20 14:16:03","2026-04-15 14:16:03",1,organic,0
927,3548,"2026-04-11 14:16:03","2026-04-15 14:16:03",6,organic,0
928,3601,"2026-04-12 14:16:03","2026-04-15 14:16:03",4,organic,1
929,3955,"2026-04-11 14:16:03","2026-04-15 14:16:03",5,email,0
930,3280,"2026-04-11 14:16:03","2026-04-15 14:16:03",8,organic,0
931,694,"2026-03-25 14:16:03","2026-04-15 14:16:03",2,organic,0
932,1663,"2026-03-30 14:16:03","2026-04-15 14:16:03",7,email,0
933,3184,"2026-04-11 14:16:03","2026-04-15 14:16:03",8,organic,1
934,1873,"2026-04-15 14:16:03","2026-04-15 14:16:03",1,ads,0
935,3219,"2026-04-14 14:16:03","2026-04-15 14:16:03",4,organic,0
936,2847,"2026-04-05 14:16:03","2026-04-15 14:16:03",1,ads,0
937,708,"2026-03-19 14:16:03","2026-04-15 14:16:03",1,email,0
938,1513,"2026-03-18 14:16:03","2026-04-15 14:16:03",10,organic,0
939,3963,"2026-04-06 14:16:03","2026-04-15 14:16:03",2,email,1
940,2747,"2026-04-07 14:16:03","2026-04-15 14:16:03",8,email,0
941,3600,"2026-03-22 14:16:03","2026-04-15 14:16:03",10,organic,1
942,2405,"2026-03-27 14:16:03","2026-04-15 14:16:03",9,organic,0
943,2226,"2026-03-18 14:16:03","2026-04-15 14:16:03",5,ads,0
944,3013,"2026-03-24 14:16:03","2026-04-15 14:16:03",10,email,0
945,2333,"2026-03-23 14:16:03","2026-04-15 14:16:03",6,organic,0
946,3407,"2026-04-08 14:16:03","2026-04-15 14:16:03",3,organic,0
947,2257,"2026-03-30 14:16:03","2026-04-15 14:16:03",5,organic,1
948,512,"2026-03-20 14:16:03","2026-04-15 14:16:03",2,email,0
949,1013,"2026-04-02 14:16:03","2026-04-15 14:16:03",8,ads,1
950,4015,"2026-04-05 14:16:03","2026-04-15 14:16:03",4,email,0
951,63,"2026-04-12 14:16:03","2026-04-15 14:16:03",6,ads,0
952,2337,"2026-04-02 14:16:03","2026-04-15 14:16:03",8,organic,0
953,1291,"2026-04-10 14:16:03","2026-04-15 14:16:03",1,email,0
954,1060,"2026-03-21 14:16:03","2026-04-15 14:16:03",7,organic,0
955,3569,"2026-03-27 14:16:03","2026-04-15 14:16:03",2,email,0
956,1462,"2026-04-08 14:16:03","2026-04-15 14:16:03",4,email,0
957,3461,"2026-03-24 14:16:03","2026-04-15 14:16:03",7,ads,0
958,4316,"2026-03-24 14:16:03","2026-04-15 14:16:03",2,organic,0
959,3859,"2026-04-13 14:16:03","2026-04-15 14:16:03",2,organic,0
960,2668,"2026-04-14 14:16:03","2026-04-15 14:16:03",7,ads,1
961,2222,"2026-03-20 14:16:03","2026-04-15 14:16:03",1,organic,0
962,3672,"2026-04-09 14:16:03","2026-04-15 14:16:03",10,ads,0
963,437,"2026-04-04 14:16:03","2026-04-15 14:16:03",7,email,0
964,2354,"2026-04-13 14:16:03","2026-04-15 14:16:03",1,email,1
965,288,"2026-03-27 14:16:03","2026-04-15 14:16:03",1,organic,1
966,2681,"2026-03-24 14:16:03","2026-04-15 14:16:03",3,email,0
967,3672,"2026-04-14 14:16:03","2026-04-15 14:16:03",1,ads,1
968,3901,"2026-04-15 14:16:03","2026-04-15 14:16:03",8,organic,1
969,932,"2026-03-30 14:16:03","2026-04-15 14:16:03",2,ads,1
970,1742,"2026-04-09 14:16:03","2026-04-15 14:16:03",2,email,1
971,1878,"2026-03-20 14:16:03","2026-04-15 14:16:03",4,ads,0
972,961,"2026-03-22 14:16:03","2026-04-15 14:16:03",6,ads,0
973,89,"2026-04-02 14:16:03","2026-04-15 14:16:03",3,email,0
974,1760,"2026-03-26 14:16:03","2026-04-15 14:16:03",4,email,0
975,3884,"2026-04-13 14:16:03","2026-04-15 14:16:03",2,organic,0
976,379,"2026-03-17 14:16:03","2026-04-15 14:16:03",8,organic,1
977,4068,"2026-04-07 14:16:03","2026-04-15 14:16:03",10,email,1
978,2980,"2026-04-13 14:16:03","2026-04-15 14:16:03",7,ads,0
979,1497,"2026-03-19 14:16:03","2026-04-15 14:16:03",7,organic,0
980,3805,"2026-04-03 14:16:03","2026-04-15 14:16:03",8,organic,1
981,2978,"2026-04-08 14:16:03","2026-04-15 14:16:03",5,email,1
982,2435,"2026-03-25 14:16:03","2026-04-15 14:16:03",2,email,0
983,1711,"2026-03-26 14:16:03","2026-04-15 14:16:03",5,ads,0
984,792,"2026-03-30 14:16:03","2026-04-15 14:16:03",4,ads,0
985,1784,"2026-03-22 14:16:03","2026-04-15 14:16:03",1,email,0
986,2720,"2026-04-07 14:16:03","2026-04-15 14:16:03",8,ads,0
987,3011,"2026-04-02 14:16:03","2026-04-15 14:16:03",5,email,0
988,4267,"2026-04-14 14:16:03","2026-04-15 14:16:03",7,ads,0
989,1394,"2026-04-10 14:16:03","2026-04-15 14:16:03",1,organic,0
990,3592,"2026-04-10 14:16:03","2026-04-15 14:16:03",9,organic,0
991,4407,"2026-04-01 14:16:03","2026-04-15 14:16:03",7,ads,0
992,2055,"2026-04-14 14:16:03","2026-04-15 14:16:03",1,ads,1
993,3960,"2026-04-14 14:16:03","2026-04-15 14:16:03",10,organic,0
994,889,"2026-04-14 14:16:03","2026-04-15 14:16:03",8,organic,0
995,3929,"2026-04-10 14:16:03","2026-04-15 14:16:03",6,ads,0
996,3441,"2026-03-25 14:16:03","2026-04-15 14:16:03",6,organic,0
997,4659,"2026-04-03 14:16:03","2026-04-15 14:16:03",3,email,0
998,269,"2026-04-14 14:16:03","2026-04-15 14:16:03",2,organic,1
999,4680,"2026-04-12 14:16:03","2026-04-15 14:16:03",8,organic,0
1000,1194,"2026-04-13 14:16:03","2026-04-15 14:16:03",7,ads,0
