user_id,signup_date,country,device_type,marketing_channel
1,2023-06-05,India,desktop,referral
2,2023-02-06,India,mobile,ads
3,2023-04-14,India,mobile,organic
4,2023-01-14,UK,desktop,organic
5,2023-05-29,USA,desktop,organic
6,2023-02-20,India,mobile,referral
7,2023-06-17,India,mobile,referral
8,2023-05-20,USA,mobile,ads
9,2023-03-27,UK,desktop,referral
10,2023-04-27,UK,desktop,ads
11,2023-04-23,USA,desktop,ads
12,2023-02-25,India,desktop,ads
13,2023-06-16,India,desktop,referral
14,2023-02-05,India,desktop,referral
15,2023-05-13,UK,desktop,referral
16,2023-06-12,USA,desktop,organic
17,2023-03-31,India,mobile,organic
18,2023-01-11,USA,desktop,referral
19,2023-05-20,UK,mobile,referral
20,2023-01-08,USA,desktop,organic
21,2023-06-16,UK,mobile,ads
22,2023-02-21,India,mobile,organic
23,2023-03-08,USA,desktop,organic
24,2023-02-10,India,mobile,organic
25,2023-01-25,India,mobile,organic
26,2023-05-30,UK,desktop,organic
27,2023-02-04,UK,desktop,organic
28,2023-04-07,India,mobile,referral
29,2023-01-09,USA,desktop,organic
30,2023-04-29,USA,desktop,referral
31,2023-01-09,UK,desktop,ads
32,2023-05-27,USA,mobile,referral
33,2023-06-11,USA,desktop,referral
34,2023-05-29,India,desktop,referral
35,2023-06-17,India,desktop,ads
36,2023-05-10,India,desktop,organic
37,2023-01-14,USA,desktop,organic
38,2023-02-04,USA,desktop,referral
39,2023-04-04,UK,desktop,organic
40,2023-01-19,India,desktop,referral
41,2023-01-19,UK,desktop,referral
42,2023-03-24,India,desktop,ads
43,2023-03-19,USA,desktop,referral
44,2023-06-28,UK,mobile,organic
45,2023-01-14,UK,mobile,organic
46,2023-05-23,USA,mobile,referral
47,2023-01-04,UK,desktop,referral
48,2023-04-07,UK,desktop,organic
49,2023-03-13,UK,mobile,referral
50,2023-02-01,USA,mobile,referral
51,2023-06-23,UK,desktop,organic
52,2023-06-26,India,desktop,referral
53,2023-04-09,USA,desktop,ads
54,2023-02-28,USA,desktop,ads
55,2023-02-06,UK,desktop,ads
56,2023-02-20,USA,desktop,organic
57,2023-04-04,USA,mobile,ads
58,2023-04-10,USA,mobile,referral
59,2023-02-10,USA,desktop,ads
60,2023-01-07,UK,desktop,organic
61,2023-02-13,USA,desktop,referral
62,2023-02-08,UK,desktop,organic
63,2023-01-30,UK,mobile,organic
64,2023-02-10,India,mobile,ads
65,2023-04-29,India,desktop,ads
66,2023-06-14,USA,mobile,referral
67,2023-03-19,UK,mobile,ads
68,2023-04-11,UK,desktop,ads
69,2023-02-06,India,mobile,ads
70,2023-06-14,India,desktop,referral
71,2023-03-24,UK,desktop,ads
72,2023-04-09,UK,mobile,referral
73,2023-04-21,USA,desktop,ads
74,2023-05-03,USA,desktop,referral
75,2023-06-18,USA,mobile,referral
76,2023-05-05,India,mobile,referral
77,2023-05-13,UK,desktop,referral
78,2023-03-02,UK,desktop,ads
79,2023-01-23,UK,mobile,organic
80,2023-04-29,UK,desktop,referral
81,2023-04-26,India,desktop,organic
82,2023-02-21,USA,mobile,ads
83,2023-03-30,UK,mobile,referral
84,2023-03-19,USA,mobile,referral
85,2023-05-24,UK,mobile,organic
86,2023-01-28,UK,mobile,referral
87,2023-03-17,India,desktop,referral
88,2023-05-01,India,mobile,referral
89,2023-06-16,UK,mobile,organic
90,2023-05-25,UK,desktop,ads
91,2023-04-30,UK,desktop,referral
92,2023-03-07,UK,mobile,ads
93,2023-01-15,USA,desktop,ads
94,2023-03-04,UK,desktop,referral
95,2023-05-12,UK,mobile,referral
96,2023-06-07,India,desktop,referral
97,2023-05-24,USA,desktop,ads
98,2023-05-01,India,mobile,organic
99,2023-05-06,USA,desktop,organic
100,2023-06-20,India,desktop,ads
101,2023-05-02,UK,desktop,referral
102,2023-01-30,USA,mobile,ads
103,2023-04-02,USA,desktop,organic
104,2023-01-22,UK,mobile,organic
105,2023-01-05,USA,mobile,referral
106,2023-04-20,India,desktop,ads
107,2023-05-22,UK,mobile,ads
108,2023-01-19,UK,desktop,ads
109,2023-06-12,USA,desktop,referral
110,2023-01-11,UK,desktop,organic
111,2023-02-02,India,desktop,organic
112,2023-04-03,India,desktop,referral
113,2023-03-29,USA,desktop,referral
114,2023-06-20,USA,mobile,referral
115,2023-06-02,USA,desktop,organic
116,2023-05-24,India,mobile,organic
117,2023-04-15,UK,desktop,referral
118,2023-06-25,India,desktop,referral
119,2023-02-16,USA,mobile,referral
120,2023-05-29,USA,desktop,organic
121,2023-05-06,UK,desktop,ads
122,2023-03-06,UK,mobile,ads
123,2023-05-10,USA,mobile,referral
124,2023-02-19,UK,desktop,organic
125,2023-01-08,USA,mobile,ads
126,2023-01-23,UK,desktop,organic
127,2023-05-11,India,desktop,organic
128,2023-05-10,UK,desktop,ads
129,2023-04-03,USA,mobile,organic
130,2023-05-20,USA,desktop,organic
131,2023-03-16,India,desktop,referral
132,2023-05-16,USA,desktop,referral
133,2023-06-06,UK,mobile,referral
134,2023-03-14,USA,desktop,organic
135,2023-05-21,India,mobile,organic
136,2023-04-06,UK,desktop,ads
137,2023-02-21,India,mobile,ads
138,2023-06-21,UK,mobile,referral
139,2023-04-18,USA,mobile,referral
140,2023-02-19,India,mobile,ads
141,2023-06-16,UK,desktop,referral
142,2023-03-05,UK,desktop,referral
143,2023-02-24,UK,desktop,referral
144,2023-05-15,UK,mobile,referral
145,2023-04-14,UK,mobile,referral
146,2023-04-10,UK,mobile,ads
147,2023-03-01,USA,mobile,ads
148,2023-02-20,UK,desktop,organic
149,2023-04-15,UK,mobile,ads
150,2023-03-19,India,desktop,referral
151,2023-05-22,UK,mobile,organic
152,2023-05-15,India,mobile,organic
153,2023-01-11,UK,mobile,organic
154,2023-01-26,India,mobile,ads
155,2023-03-18,USA,desktop,organic
156,2023-01-18,India,desktop,ads
157,2023-06-29,UK,mobile,ads
158,2023-01-07,UK,desktop,ads
159,2023-01-24,USA,desktop,ads
160,2023-04-11,India,desktop,organic
161,2023-05-14,USA,mobile,referral
162,2023-03-19,USA,mobile,organic
163,2023-01-04,UK,mobile,referral
164,2023-01-28,USA,mobile,organic
165,2023-06-07,India,desktop,organic
166,2023-02-12,UK,mobile,referral
167,2023-05-14,UK,mobile,referral
168,2023-01-18,UK,mobile,ads
169,2023-06-13,India,mobile,organic
170,2023-03-08,USA,desktop,referral
171,2023-05-19,USA,desktop,organic
172,2023-05-19,USA,desktop,organic
173,2023-02-24,UK,desktop,organic
174,2023-01-08,USA,desktop,ads
175,2023-02-09,USA,desktop,ads
176,2023-03-18,UK,mobile,organic
177,2023-01-15,USA,desktop,organic
178,2023-06-24,USA,desktop,organic
179,2023-04-10,USA,mobile,organic
180,2023-04-29,India,mobile,ads
181,2023-05-07,UK,desktop,organic
182,2023-03-08,USA,desktop,referral
183,2023-06-18,UK,desktop,organic
184,2023-02-02,UK,desktop,organic
185,2023-06-06,UK,desktop,organic
186,2023-06-17,India,mobile,organic
187,2023-05-08,India,desktop,ads
188,2023-02-18,India,desktop,referral
189,2023-03-01,India,desktop,organic
190,2023-05-16,India,mobile,referral
191,2023-05-17,USA,desktop,referral
192,2023-06-06,UK,desktop,organic
193,2023-05-17,UK,desktop,organic
194,2023-02-08,UK,desktop,referral
195,2023-05-17,USA,desktop,organic
196,2023-05-06,India,desktop,organic
197,2023-01-04,India,mobile,referral
198,2023-02-11,UK,desktop,ads
199,2023-04-28,USA,mobile,organic
200,2023-04-04,USA,desktop,organic
201,2023-02-09,USA,mobile,organic
202,2023-01-29,India,mobile,ads
203,2023-05-15,USA,desktop,ads
204,2023-01-23,USA,mobile,referral
205,2023-05-27,India,desktop,organic
206,2023-03-20,India,mobile,referral
207,2023-05-06,UK,desktop,organic
208,2023-01-19,India,mobile,ads
209,2023-05-30,USA,mobile,ads
210,2023-05-18,India,desktop,referral
211,2023-05-29,USA,mobile,ads
212,2023-01-27,USA,desktop,referral
213,2023-06-05,USA,mobile,ads
214,2023-05-23,India,desktop,ads
215,2023-04-13,USA,desktop,ads
216,2023-03-08,USA,desktop,organic
217,2023-05-13,UK,desktop,organic
218,2023-01-28,India,desktop,ads
219,2023-04-18,USA,mobile,referral
220,2023-06-24,USA,mobile,organic
221,2023-01-12,USA,desktop,organic
222,2023-01-17,India,mobile,ads
223,2023-03-13,India,mobile,ads
224,2023-01-12,USA,mobile,ads
225,2023-06-12,USA,mobile,ads
226,2023-03-12,USA,mobile,referral
227,2023-03-15,UK,mobile,referral
228,2023-01-02,India,mobile,organic
229,2023-03-19,India,desktop,organic
230,2023-03-22,India,desktop,referral
231,2023-02-11,UK,desktop,ads
232,2023-05-22,UK,desktop,organic
233,2023-01-15,India,desktop,ads
234,2023-02-24,India,desktop,organic
235,2023-06-22,India,mobile,ads
236,2023-02-04,India,mobile,ads
237,2023-06-29,India,desktop,referral
238,2023-06-26,UK,desktop,organic
239,2023-05-22,USA,mobile,organic
240,2023-01-17,USA,mobile,organic
241,2023-03-03,India,desktop,ads
242,2023-01-31,USA,mobile,referral
243,2023-02-15,UK,mobile,organic
244,2023-06-02,India,desktop,organic
245,2023-04-19,UK,desktop,referral
246,2023-02-23,USA,mobile,referral
247,2023-06-08,USA,mobile,organic
248,2023-04-19,UK,mobile,ads
249,2023-05-11,India,desktop,referral
250,2023-03-20,USA,desktop,organic
251,2023-02-14,USA,desktop,referral
252,2023-01-23,USA,desktop,organic
253,2023-01-25,India,desktop,ads
254,2023-03-17,USA,desktop,organic
255,2023-06-04,India,mobile,organic
256,2023-03-12,India,mobile,organic
257,2023-05-03,USA,desktop,organic
258,2023-05-06,USA,desktop,organic
259,2023-03-27,UK,mobile,organic
260,2023-03-14,India,mobile,organic
261,2023-06-12,India,desktop,referral
262,2023-04-25,UK,desktop,organic
263,2023-06-01,India,desktop,organic
264,2023-01-15,India,mobile,referral
265,2023-06-08,India,mobile,ads
266,2023-06-06,UK,desktop,organic
267,2023-04-01,USA,desktop,ads
268,2023-01-03,USA,mobile,organic
269,2023-05-03,USA,desktop,organic
270,2023-02-22,USA,mobile,organic
271,2023-04-18,UK,desktop,referral
272,2023-02-25,India,desktop,referral
273,2023-03-23,USA,mobile,ads
274,2023-03-27,USA,desktop,referral
275,2023-04-08,UK,desktop,ads
276,2023-06-06,UK,desktop,referral
277,2023-03-06,UK,desktop,ads
278,2023-03-22,India,desktop,organic
279,2023-06-21,India,mobile,ads
280,2023-06-20,India,mobile,referral
281,2023-04-17,India,desktop,referral
282,2023-03-10,India,desktop,organic
283,2023-03-23,India,mobile,referral
284,2023-01-24,USA,mobile,organic
285,2023-03-30,USA,desktop,ads
286,2023-03-01,India,mobile,organic
287,2023-01-02,India,desktop,referral
288,2023-03-29,UK,desktop,referral
289,2023-02-23,USA,mobile,ads
290,2023-02-01,USA,desktop,referral
291,2023-06-28,UK,mobile,referral
292,2023-06-16,UK,mobile,organic
293,2023-03-25,UK,mobile,organic
294,2023-02-27,USA,mobile,organic
295,2023-05-31,India,desktop,ads
296,2023-05-10,India,desktop,ads
297,2023-04-11,India,desktop,organic
298,2023-04-30,India,desktop,referral
299,2023-06-06,USA,desktop,referral
300,2023-05-21,UK,mobile,ads
301,2023-04-17,USA,desktop,organic
302,2023-05-14,USA,desktop,referral
303,2023-04-05,India,desktop,referral
304,2023-04-07,USA,mobile,ads
305,2023-01-07,India,mobile,organic
306,2023-06-19,UK,desktop,ads
307,2023-06-08,UK,desktop,ads
308,2023-03-10,UK,desktop,organic
309,2023-02-23,UK,desktop,organic
310,2023-06-11,USA,desktop,ads
311,2023-04-10,UK,desktop,referral
312,2023-06-22,India,mobile,ads
313,2023-03-08,UK,desktop,referral
314,2023-02-20,India,mobile,ads
315,2023-04-21,India,mobile,referral
316,2023-04-02,India,desktop,ads
317,2023-05-04,UK,mobile,referral
318,2023-04-27,India,desktop,ads
319,2023-04-18,India,desktop,referral
320,2023-02-06,UK,mobile,ads
321,2023-01-18,UK,mobile,organic
322,2023-06-25,UK,mobile,organic
323,2023-03-12,USA,desktop,organic
324,2023-03-21,USA,desktop,organic
325,2023-02-12,USA,mobile,organic
326,2023-04-19,UK,desktop,ads
327,2023-03-12,USA,mobile,ads
328,2023-05-20,UK,desktop,organic
329,2023-02-21,USA,mobile,organic
330,2023-04-19,UK,mobile,organic
331,2023-01-20,USA,desktop,organic
332,2023-01-11,USA,desktop,ads
333,2023-06-18,India,desktop,ads
334,2023-01-07,USA,desktop,ads
335,2023-02-13,UK,desktop,organic
336,2023-06-28,India,mobile,organic
337,2023-06-21,India,desktop,referral
338,2023-02-05,UK,desktop,organic
339,2023-02-20,USA,mobile,organic
340,2023-05-19,USA,desktop,ads
341,2023-04-17,India,mobile,referral
342,2023-06-19,UK,desktop,organic
343,2023-04-28,India,mobile,referral
344,2023-01-07,USA,mobile,referral
345,2023-02-27,UK,desktop,ads
346,2023-01-09,USA,mobile,organic
347,2023-01-07,USA,mobile,organic
348,2023-03-15,UK,desktop,ads
349,2023-04-04,USA,mobile,ads
350,2023-02-22,UK,mobile,organic
351,2023-06-24,USA,mobile,referral
352,2023-02-11,India,desktop,ads
353,2023-05-31,UK,desktop,organic
354,2023-03-15,UK,mobile,ads
355,2023-05-16,India,mobile,ads
356,2023-04-28,UK,desktop,referral
357,2023-05-17,UK,mobile,ads
358,2023-03-19,India,desktop,organic
359,2023-02-18,USA,desktop,ads
360,2023-04-08,India,desktop,organic
361,2023-06-27,UK,mobile,referral
362,2023-03-11,USA,desktop,organic
363,2023-04-26,USA,mobile,referral
364,2023-03-30,India,desktop,organic
365,2023-01-07,UK,mobile,referral
366,2023-03-08,USA,mobile,organic
367,2023-06-09,USA,desktop,referral
368,2023-06-16,UK,desktop,referral
369,2023-05-17,India,mobile,organic
370,2023-03-09,USA,mobile,ads
371,2023-03-31,USA,mobile,organic
372,2023-01-20,India,desktop,organic
373,2023-01-30,India,mobile,referral
374,2023-01-26,USA,mobile,referral
375,2023-04-29,India,desktop,ads
376,2023-02-26,USA,mobile,ads
377,2023-04-14,UK,desktop,ads
378,2023-02-21,USA,mobile,referral
379,2023-04-23,India,desktop,organic
380,2023-06-20,India,desktop,referral
381,2023-04-20,UK,desktop,organic
382,2023-03-26,UK,mobile,ads
383,2023-06-02,UK,desktop,organic
384,2023-01-28,UK,mobile,referral
385,2023-01-02,USA,mobile,organic
386,2023-02-06,UK,desktop,organic
387,2023-06-20,India,mobile,ads
388,2023-01-09,India,mobile,organic
389,2023-03-13,USA,desktop,referral
390,2023-06-22,UK,desktop,organic
391,2023-05-06,USA,desktop,organic
392,2023-03-13,India,mobile,organic
393,2023-03-17,UK,mobile,ads
394,2023-02-14,UK,mobile,organic
395,2023-01-23,USA,desktop,organic
396,2023-06-10,India,mobile,ads
397,2023-01-14,USA,desktop,ads
398,2023-06-19,USA,mobile,ads
399,2023-05-12,USA,desktop,organic
400,2023-01-09,UK,desktop,ads
401,2023-04-27,UK,desktop,organic
402,2023-06-10,UK,mobile,organic
403,2023-03-09,USA,mobile,referral
404,2023-06-16,USA,desktop,organic
405,2023-04-27,USA,desktop,organic
406,2023-02-25,India,mobile,referral
407,2023-02-21,USA,desktop,organic
408,2023-06-28,UK,desktop,organic
409,2023-01-17,India,desktop,referral
410,2023-05-03,USA,desktop,ads
411,2023-05-06,India,desktop,referral
412,2023-03-20,USA,desktop,ads
413,2023-04-29,India,desktop,organic
414,2023-06-16,India,mobile,referral
415,2023-04-21,UK,desktop,referral
416,2023-01-25,USA,mobile,ads
417,2023-04-24,India,desktop,referral
418,2023-06-11,USA,desktop,ads
419,2023-04-20,UK,desktop,organic
420,2023-01-16,UK,mobile,referral
421,2023-06-27,USA,desktop,ads
422,2023-04-04,India,mobile,referral
423,2023-03-29,India,desktop,referral
424,2023-01-28,India,desktop,ads
425,2023-02-02,UK,mobile,organic
426,2023-04-30,India,desktop,referral
427,2023-05-19,India,mobile,ads
428,2023-05-02,India,mobile,ads
429,2023-02-26,India,mobile,ads
430,2023-04-02,USA,mobile,ads
431,2023-04-29,UK,desktop,referral
432,2023-02-14,India,mobile,ads
433,2023-03-07,India,mobile,organic
434,2023-03-27,USA,mobile,ads
435,2023-01-28,UK,mobile,ads
436,2023-05-26,UK,mobile,ads
437,2023-03-13,India,mobile,organic
438,2023-02-12,USA,desktop,ads
439,2023-02-25,USA,desktop,referral
440,2023-04-21,UK,desktop,ads
441,2023-03-14,UK,mobile,ads
442,2023-02-27,UK,mobile,ads
443,2023-06-27,USA,desktop,ads
444,2023-05-06,UK,desktop,ads
445,2023-06-08,India,desktop,ads
446,2023-05-19,UK,mobile,ads
447,2023-01-18,USA,desktop,organic
448,2023-01-14,India,mobile,referral
449,2023-04-15,India,mobile,organic
450,2023-02-10,UK,mobile,ads
451,2023-03-25,India,mobile,ads
452,2023-02-20,USA,mobile,referral
453,2023-03-09,UK,desktop,referral
454,2023-01-22,UK,mobile,referral
455,2023-01-29,UK,mobile,organic
456,2023-05-12,USA,desktop,ads
457,2023-03-26,UK,desktop,referral
458,2023-05-15,USA,mobile,referral
459,2023-06-10,USA,desktop,ads
460,2023-01-13,USA,desktop,referral
461,2023-01-26,USA,desktop,referral
462,2023-03-13,UK,desktop,ads
463,2023-03-18,India,desktop,organic
464,2023-04-07,India,mobile,referral
465,2023-02-08,UK,desktop,referral
466,2023-05-30,UK,mobile,ads
467,2023-02-26,India,desktop,referral
468,2023-03-10,USA,desktop,referral
469,2023-06-18,UK,mobile,organic
470,2023-03-13,USA,mobile,ads
471,2023-03-13,India,desktop,organic
472,2023-02-06,USA,mobile,organic
473,2023-02-09,India,mobile,organic
474,2023-01-05,UK,desktop,organic
475,2023-01-05,UK,desktop,referral
476,2023-03-18,UK,desktop,ads
477,2023-06-14,UK,desktop,referral
478,2023-02-13,UK,desktop,ads
479,2023-05-09,UK,desktop,ads
480,2023-06-17,USA,mobile,organic
481,2023-03-06,UK,desktop,referral
482,2023-05-29,USA,desktop,ads
483,2023-02-21,India,desktop,referral
484,2023-06-17,UK,mobile,organic
485,2023-01-01,UK,mobile,referral
486,2023-05-11,India,mobile,referral
487,2023-01-06,USA,mobile,organic
488,2023-02-01,India,desktop,organic
489,2023-01-01,India,desktop,organic
490,2023-01-05,USA,mobile,organic
491,2023-04-07,India,desktop,ads
492,2023-06-17,India,desktop,organic
493,2023-04-02,India,mobile,ads
494,2023-06-10,USA,mobile,ads
495,2023-05-31,UK,mobile,organic
496,2023-06-13,India,desktop,organic
497,2023-06-02,India,mobile,ads
498,2023-04-04,India,desktop,organic
499,2023-06-24,USA,desktop,ads
500,2023-01-26,India,desktop,referral
501,2023-02-26,UK,mobile,ads
502,2023-06-12,UK,mobile,ads
503,2023-04-09,India,desktop,organic
504,2023-06-07,UK,mobile,referral
505,2023-05-25,USA,desktop,organic
506,2023-04-18,UK,mobile,ads
507,2023-05-26,USA,mobile,ads
508,2023-01-10,UK,mobile,organic
509,2023-03-10,India,mobile,organic
510,2023-04-08,USA,mobile,organic
511,2023-05-26,India,mobile,organic
512,2023-01-12,UK,desktop,referral
513,2023-04-17,India,mobile,ads
514,2023-01-29,USA,desktop,organic
515,2023-02-28,UK,mobile,ads
516,2023-04-11,USA,mobile,organic
517,2023-06-28,USA,desktop,organic
518,2023-04-01,India,desktop,ads
519,2023-03-25,UK,mobile,referral
520,2023-06-05,USA,desktop,organic
521,2023-03-17,India,mobile,referral
522,2023-03-24,USA,desktop,ads
523,2023-04-30,USA,mobile,organic
524,2023-01-14,USA,desktop,organic
525,2023-05-11,USA,desktop,ads
526,2023-05-24,India,desktop,ads
527,2023-05-24,UK,desktop,ads
528,2023-01-09,USA,desktop,referral
529,2023-05-27,USA,mobile,organic
530,2023-01-20,India,desktop,referral
531,2023-01-02,UK,mobile,referral
532,2023-02-24,UK,desktop,referral
533,2023-05-18,India,mobile,organic
534,2023-04-19,USA,mobile,referral
535,2023-06-24,USA,desktop,organic
536,2023-02-24,USA,desktop,ads
537,2023-05-30,India,desktop,ads
538,2023-01-02,India,desktop,organic
539,2023-03-17,USA,desktop,referral
540,2023-03-16,USA,mobile,ads
541,2023-04-06,USA,mobile,organic
542,2023-04-19,India,mobile,ads
543,2023-05-01,USA,mobile,organic
544,2023-02-07,USA,mobile,referral
545,2023-05-12,India,mobile,organic
546,2023-05-29,India,mobile,organic
547,2023-06-22,UK,desktop,organic
548,2023-05-24,USA,desktop,ads
549,2023-02-24,USA,desktop,ads
550,2023-06-01,India,mobile,ads
551,2023-03-02,India,mobile,referral
552,2023-04-19,USA,desktop,organic
553,2023-06-12,USA,desktop,ads
554,2023-05-17,UK,mobile,organic
555,2023-03-06,UK,mobile,referral
556,2023-02-19,USA,desktop,ads
557,2023-05-31,UK,mobile,organic
558,2023-05-30,India,mobile,ads
559,2023-06-03,USA,desktop,ads
560,2023-03-22,USA,desktop,organic
561,2023-05-03,UK,desktop,organic
562,2023-03-28,UK,desktop,ads
563,2023-04-15,India,desktop,referral
564,2023-03-04,USA,desktop,referral
565,2023-03-14,UK,mobile,organic
566,2023-05-15,India,mobile,ads
567,2023-06-21,USA,mobile,referral
568,2023-05-15,India,mobile,organic
569,2023-05-24,UK,mobile,ads
570,2023-01-31,UK,mobile,referral
571,2023-02-27,USA,mobile,referral
572,2023-03-23,UK,desktop,ads
573,2023-01-27,USA,desktop,referral
574,2023-05-17,India,desktop,ads
575,2023-05-29,USA,mobile,referral
576,2023-06-28,UK,desktop,organic
577,2023-06-13,India,mobile,ads
578,2023-05-31,India,mobile,organic
579,2023-05-16,India,mobile,organic
580,2023-02-18,USA,mobile,organic
581,2023-03-16,USA,desktop,referral
582,2023-05-26,India,desktop,referral
583,2023-04-27,USA,mobile,organic
584,2023-06-05,UK,desktop,ads
585,2023-04-02,USA,desktop,ads
586,2023-06-01,UK,desktop,referral
587,2023-02-16,UK,mobile,organic
588,2023-04-19,UK,desktop,ads
589,2023-03-21,India,desktop,organic
590,2023-06-03,USA,desktop,organic
591,2023-04-08,India,mobile,ads
592,2023-06-26,India,desktop,ads
593,2023-03-23,USA,desktop,organic
594,2023-02-28,India,mobile,ads
595,2023-01-01,India,desktop,ads
596,2023-06-26,UK,mobile,organic
597,2023-03-26,USA,desktop,ads
598,2023-01-22,UK,desktop,referral
599,2023-06-18,USA,desktop,ads
600,2023-04-09,USA,mobile,ads
601,2023-01-09,USA,desktop,ads
602,2023-04-05,India,mobile,organic
603,2023-05-31,UK,desktop,ads
604,2023-06-13,USA,mobile,referral
605,2023-04-21,India,desktop,referral
606,2023-03-02,India,mobile,organic
607,2023-03-29,India,mobile,ads
608,2023-05-20,UK,desktop,ads
609,2023-06-21,USA,mobile,ads
610,2023-02-01,UK,mobile,referral
611,2023-05-27,India,mobile,organic
612,2023-03-05,USA,desktop,organic
613,2023-01-27,UK,mobile,referral
614,2023-02-23,USA,desktop,referral
615,2023-02-24,USA,desktop,referral
616,2023-03-28,India,desktop,organic
617,2023-05-25,UK,desktop,ads
618,2023-05-02,USA,mobile,organic
619,2023-04-27,USA,desktop,ads
620,2023-02-23,USA,desktop,ads
621,2023-01-02,India,mobile,ads
622,2023-01-11,India,mobile,referral
623,2023-06-27,USA,mobile,organic
624,2023-01-22,USA,mobile,referral
625,2023-05-17,India,mobile,organic
626,2023-01-05,UK,desktop,organic
627,2023-04-28,UK,desktop,organic
628,2023-06-04,India,desktop,organic
629,2023-06-15,UK,desktop,ads
630,2023-03-27,UK,mobile,organic
631,2023-06-25,USA,mobile,referral
632,2023-06-04,USA,mobile,organic
633,2023-04-20,UK,desktop,organic
634,2023-04-10,India,desktop,referral
635,2023-02-27,India,desktop,referral
636,2023-06-23,India,mobile,organic
637,2023-06-04,USA,desktop,ads
638,2023-04-29,India,desktop,ads
639,2023-02-23,USA,desktop,referral
640,2023-04-16,UK,mobile,ads
641,2023-02-07,UK,mobile,referral
642,2023-05-12,USA,desktop,ads
643,2023-05-06,UK,desktop,referral
644,2023-06-02,UK,mobile,organic
645,2023-03-14,UK,desktop,referral
646,2023-01-02,USA,mobile,referral
647,2023-03-23,UK,desktop,ads
648,2023-05-17,UK,mobile,referral
649,2023-05-13,India,mobile,referral
650,2023-03-23,India,desktop,ads
651,2023-04-15,USA,desktop,referral
652,2023-01-30,India,desktop,ads
653,2023-04-02,UK,desktop,referral
654,2023-05-17,USA,mobile,organic
655,2023-06-01,UK,desktop,organic
656,2023-06-05,India,desktop,organic
657,2023-04-11,UK,desktop,ads
658,2023-06-13,India,desktop,ads
659,2023-02-27,India,mobile,ads
660,2023-04-18,USA,desktop,organic
661,2023-05-11,UK,mobile,referral
662,2023-06-29,USA,mobile,ads
663,2023-02-05,India,desktop,referral
664,2023-04-19,India,desktop,ads
665,2023-03-31,UK,mobile,ads
666,2023-01-09,India,desktop,organic
667,2023-03-22,India,mobile,ads
668,2023-04-24,USA,mobile,referral
669,2023-04-06,India,desktop,organic
670,2023-02-13,UK,desktop,ads
671,2023-06-14,India,mobile,organic
672,2023-03-16,UK,mobile,organic
673,2023-06-23,UK,desktop,ads
674,2023-03-02,UK,desktop,referral
675,2023-02-24,UK,desktop,organic
676,2023-01-01,UK,mobile,organic
677,2023-05-10,India,mobile,organic
678,2023-01-03,UK,mobile,referral
679,2023-01-30,UK,desktop,ads
680,2023-06-09,UK,mobile,organic
681,2023-04-01,UK,mobile,ads
682,2023-03-27,UK,mobile,ads
683,2023-05-12,India,desktop,referral
684,2023-03-03,UK,desktop,organic
685,2023-05-08,UK,mobile,referral
686,2023-05-04,India,desktop,ads
687,2023-05-31,India,desktop,referral
688,2023-03-24,UK,desktop,organic
689,2023-03-19,USA,desktop,referral
690,2023-05-29,UK,mobile,ads
691,2023-03-13,India,desktop,referral
692,2023-04-10,UK,mobile,organic
693,2023-06-27,India,desktop,organic
694,2023-01-26,USA,mobile,ads
695,2023-05-14,USA,desktop,organic
696,2023-01-15,USA,mobile,ads
697,2023-03-16,USA,desktop,ads
698,2023-05-24,UK,mobile,ads
699,2023-01-09,UK,desktop,organic
700,2023-04-21,USA,mobile,ads
701,2023-01-03,USA,mobile,ads
702,2023-02-23,USA,mobile,referral
703,2023-04-24,USA,mobile,referral
704,2023-02-04,UK,mobile,referral
705,2023-06-27,India,desktop,referral
706,2023-06-12,UK,mobile,organic
707,2023-01-09,UK,mobile,organic
708,2023-06-19,USA,mobile,ads
709,2023-06-15,UK,mobile,organic
710,2023-06-25,India,mobile,organic
711,2023-05-08,India,mobile,organic
712,2023-04-28,USA,mobile,referral
713,2023-01-21,UK,mobile,ads
714,2023-06-28,USA,desktop,ads
715,2023-01-06,India,mobile,ads
716,2023-06-05,USA,desktop,referral
717,2023-01-20,India,desktop,organic
718,2023-03-18,India,desktop,ads
719,2023-02-19,UK,desktop,ads
720,2023-03-02,India,desktop,ads
721,2023-03-12,USA,mobile,organic
722,2023-02-20,India,mobile,ads
723,2023-03-04,India,desktop,organic
724,2023-01-22,UK,mobile,referral
725,2023-03-26,USA,mobile,ads
726,2023-06-12,India,desktop,organic
727,2023-02-13,UK,desktop,organic
728,2023-05-27,India,mobile,ads
729,2023-03-31,UK,mobile,organic
730,2023-01-14,UK,mobile,organic
731,2023-03-01,UK,desktop,organic
732,2023-02-19,India,desktop,organic
733,2023-04-29,USA,mobile,organic
734,2023-03-29,USA,mobile,organic
735,2023-02-08,USA,desktop,ads
736,2023-04-19,India,desktop,ads
737,2023-04-29,UK,desktop,organic
738,2023-06-24,UK,mobile,referral
739,2023-03-20,USA,mobile,ads
740,2023-04-30,UK,desktop,referral
741,2023-02-15,India,mobile,referral
742,2023-01-01,UK,desktop,ads
743,2023-06-20,USA,desktop,referral
744,2023-05-15,UK,mobile,ads
745,2023-02-28,India,mobile,ads
746,2023-06-19,USA,mobile,referral
747,2023-01-05,India,mobile,ads
748,2023-02-22,India,mobile,referral
749,2023-05-07,UK,desktop,ads
750,2023-01-24,India,mobile,organic
751,2023-02-03,India,desktop,referral
752,2023-06-06,UK,desktop,referral
753,2023-03-12,USA,desktop,referral
754,2023-01-08,USA,desktop,ads
755,2023-06-22,UK,desktop,ads
756,2023-03-19,USA,desktop,organic
757,2023-04-11,India,desktop,ads
758,2023-02-16,UK,desktop,organic
759,2023-01-10,USA,desktop,ads
760,2023-02-28,India,desktop,ads
761,2023-06-06,USA,mobile,referral
762,2023-03-11,UK,desktop,ads
763,2023-02-11,India,desktop,organic
764,2023-04-29,USA,desktop,referral
765,2023-06-25,USA,desktop,referral
766,2023-05-15,USA,desktop,ads
767,2023-03-20,USA,mobile,organic
768,2023-02-25,India,desktop,organic
769,2023-02-22,India,desktop,ads
770,2023-06-07,USA,mobile,referral
771,2023-06-28,India,mobile,ads
772,2023-01-10,USA,desktop,ads
773,2023-06-28,USA,desktop,referral
774,2023-06-17,USA,mobile,referral
775,2023-01-26,UK,desktop,organic
776,2023-01-08,India,mobile,organic
777,2023-03-07,USA,desktop,referral
778,2023-03-19,USA,desktop,organic
779,2023-01-15,USA,mobile,organic
780,2023-02-10,USA,desktop,ads
781,2023-03-01,UK,mobile,ads
782,2023-02-25,UK,mobile,organic
783,2023-01-14,USA,mobile,ads
784,2023-05-16,India,desktop,organic
785,2023-05-05,India,mobile,ads
786,2023-05-12,UK,desktop,referral
787,2023-01-06,UK,desktop,ads
788,2023-03-13,USA,mobile,organic
789,2023-04-04,UK,mobile,referral
790,2023-06-18,India,desktop,organic
791,2023-02-23,UK,desktop,referral
792,2023-03-07,India,desktop,organic
793,2023-01-24,USA,desktop,ads
794,2023-01-18,USA,desktop,referral
795,2023-06-17,India,desktop,ads
796,2023-01-30,UK,mobile,ads
797,2023-05-26,UK,mobile,ads
798,2023-04-08,India,desktop,referral
799,2023-01-04,USA,mobile,ads
800,2023-03-29,India,mobile,ads
801,2023-02-08,India,desktop,ads
802,2023-06-16,India,mobile,organic
803,2023-04-10,UK,desktop,referral
804,2023-05-22,UK,mobile,ads
805,2023-01-03,USA,desktop,referral
806,2023-02-22,USA,mobile,ads
807,2023-05-31,UK,desktop,referral
808,2023-02-18,India,desktop,ads
809,2023-06-21,India,desktop,ads
810,2023-02-13,USA,desktop,organic
811,2023-01-13,UK,mobile,organic
812,2023-02-04,USA,desktop,ads
813,2023-02-14,India,mobile,ads
814,2023-06-25,USA,mobile,ads
815,2023-06-29,USA,desktop,referral
816,2023-05-03,USA,desktop,organic
817,2023-01-21,USA,desktop,ads
818,2023-04-01,UK,desktop,organic
819,2023-01-20,USA,mobile,organic
820,2023-05-11,India,mobile,organic
821,2023-04-26,India,desktop,organic
822,2023-02-06,India,mobile,referral
823,2023-03-24,India,mobile,referral
824,2023-03-08,India,mobile,referral
825,2023-03-02,India,mobile,ads
826,2023-04-01,India,mobile,ads
827,2023-01-25,UK,mobile,ads
828,2023-06-24,UK,desktop,organic
829,2023-01-28,UK,mobile,referral
830,2023-04-25,USA,mobile,referral
831,2023-04-10,USA,mobile,organic
832,2023-01-11,India,mobile,organic
833,2023-02-05,UK,desktop,referral
834,2023-05-21,India,desktop,ads
835,2023-02-10,USA,mobile,organic
836,2023-02-12,India,mobile,ads
837,2023-05-24,USA,desktop,referral
838,2023-06-26,UK,desktop,ads
839,2023-06-21,UK,mobile,organic
840,2023-05-29,UK,mobile,referral
841,2023-06-04,USA,mobile,organic
842,2023-06-20,UK,desktop,referral
843,2023-06-13,UK,desktop,referral
844,2023-01-30,UK,mobile,referral
845,2023-06-03,USA,mobile,referral
846,2023-06-09,India,mobile,referral
847,2023-01-30,India,mobile,referral
848,2023-05-03,UK,mobile,referral
849,2023-04-07,UK,mobile,organic
850,2023-04-27,UK,mobile,referral
851,2023-01-23,UK,mobile,organic
852,2023-01-24,USA,desktop,organic
853,2023-01-31,India,desktop,ads
854,2023-06-07,USA,desktop,ads
855,2023-03-10,India,mobile,ads
856,2023-05-14,USA,desktop,referral
857,2023-06-07,UK,desktop,referral
858,2023-02-24,USA,desktop,organic
859,2023-06-04,India,desktop,referral
860,2023-03-20,UK,mobile,referral
861,2023-05-31,India,desktop,organic
862,2023-05-26,USA,mobile,organic
863,2023-06-04,UK,desktop,ads
864,2023-06-12,UK,mobile,ads
865,2023-03-31,India,desktop,organic
866,2023-03-17,USA,mobile,organic
867,2023-02-16,UK,mobile,ads
868,2023-03-31,UK,mobile,organic
869,2023-02-27,USA,desktop,ads
870,2023-06-22,India,mobile,referral
871,2023-06-04,UK,desktop,referral
872,2023-01-17,UK,desktop,organic
873,2023-01-15,UK,mobile,organic
874,2023-03-08,UK,mobile,referral
875,2023-05-13,USA,desktop,organic
876,2023-05-10,UK,mobile,organic
877,2023-01-19,UK,mobile,referral
878,2023-05-08,India,desktop,ads
879,2023-04-16,USA,mobile,ads
880,2023-02-20,UK,mobile,organic
881,2023-06-13,India,desktop,organic
882,2023-03-23,UK,mobile,ads
883,2023-06-21,UK,mobile,organic
884,2023-02-14,India,desktop,ads
885,2023-03-06,USA,desktop,ads
886,2023-05-23,India,desktop,ads
887,2023-03-31,USA,desktop,ads
888,2023-03-30,UK,desktop,referral
889,2023-02-05,USA,desktop,organic
890,2023-01-25,USA,desktop,ads
891,2023-05-09,USA,desktop,referral
892,2023-04-24,USA,desktop,referral
893,2023-03-05,India,desktop,referral
894,2023-02-13,India,mobile,ads
895,2023-03-04,India,mobile,organic
896,2023-03-01,India,desktop,referral
897,2023-02-02,India,desktop,organic
898,2023-03-29,UK,mobile,referral
899,2023-06-16,India,mobile,referral
900,2023-05-21,India,mobile,organic
901,2023-06-16,USA,desktop,referral
902,2023-06-11,UK,mobile,organic
903,2023-04-21,USA,mobile,ads
904,2023-05-05,USA,mobile,organic
905,2023-02-15,USA,mobile,ads
906,2023-02-14,USA,mobile,ads
907,2023-03-27,USA,desktop,organic
908,2023-01-04,UK,desktop,ads
909,2023-04-12,USA,desktop,organic
910,2023-06-13,USA,desktop,ads
911,2023-04-28,USA,desktop,ads
912,2023-02-21,India,mobile,referral
913,2023-02-07,USA,desktop,ads
914,2023-06-14,India,mobile,ads
915,2023-03-08,UK,desktop,referral
916,2023-03-06,USA,mobile,referral
917,2023-01-01,India,mobile,ads
918,2023-05-10,India,mobile,referral
919,2023-01-03,USA,desktop,organic
920,2023-03-12,UK,mobile,ads
921,2023-05-09,UK,desktop,ads
922,2023-06-26,UK,desktop,organic
923,2023-01-20,UK,desktop,organic
924,2023-05-24,India,mobile,ads
925,2023-02-02,India,desktop,referral
926,2023-01-23,UK,desktop,ads
927,2023-06-26,India,desktop,organic
928,2023-05-04,UK,desktop,referral
929,2023-01-08,UK,desktop,ads
930,2023-01-11,India,mobile,organic
931,2023-04-22,UK,desktop,organic
932,2023-01-04,USA,desktop,organic
933,2023-02-16,UK,mobile,organic
934,2023-05-11,UK,mobile,organic
935,2023-03-02,UK,desktop,organic
936,2023-04-02,USA,mobile,organic
937,2023-02-27,USA,mobile,referral
938,2023-02-05,India,desktop,referral
939,2023-06-08,India,desktop,ads
940,2023-03-09,USA,desktop,ads
941,2023-04-01,India,mobile,ads
942,2023-05-05,UK,desktop,organic
943,2023-04-01,UK,desktop,referral
944,2023-06-11,UK,mobile,organic
945,2023-01-20,USA,desktop,ads
946,2023-06-16,USA,mobile,referral
947,2023-04-17,USA,mobile,organic
948,2023-04-18,India,mobile,ads
949,2023-01-05,UK,desktop,referral
950,2023-03-15,India,desktop,organic
951,2023-03-06,USA,mobile,ads
952,2023-01-15,USA,mobile,ads
953,2023-01-17,USA,desktop,organic
954,2023-05-26,USA,desktop,ads
955,2023-02-16,India,mobile,organic
956,2023-01-26,UK,desktop,organic
957,2023-06-14,UK,desktop,referral
958,2023-04-26,USA,desktop,organic
959,2023-01-03,USA,desktop,organic
960,2023-04-05,UK,mobile,organic
961,2023-05-05,India,mobile,ads
962,2023-05-21,USA,desktop,ads
963,2023-03-07,USA,desktop,referral
964,2023-01-08,USA,mobile,referral
965,2023-02-11,India,desktop,referral
966,2023-06-12,USA,mobile,referral
967,2023-05-29,UK,mobile,organic
968,2023-03-04,USA,desktop,referral
969,2023-05-07,USA,desktop,organic
970,2023-03-27,UK,mobile,organic
971,2023-02-08,UK,desktop,referral
972,2023-03-02,USA,desktop,organic
973,2023-03-24,USA,mobile,referral
974,2023-05-22,UK,mobile,organic
975,2023-05-07,UK,desktop,organic
976,2023-03-15,USA,desktop,organic
977,2023-02-10,UK,desktop,ads
978,2023-06-13,UK,mobile,ads
979,2023-03-30,USA,desktop,ads
980,2023-03-26,UK,mobile,organic
981,2023-03-07,USA,desktop,ads
982,2023-03-03,India,mobile,organic
983,2023-06-15,USA,desktop,ads
984,2023-06-06,UK,desktop,ads
985,2023-01-01,UK,desktop,organic
986,2023-01-02,USA,mobile,referral
987,2023-02-11,USA,mobile,referral
988,2023-03-11,India,mobile,ads
989,2023-03-11,UK,desktop,ads
990,2023-02-13,India,mobile,referral
991,2023-06-02,UK,mobile,organic
992,2023-02-27,India,mobile,referral
993,2023-04-08,USA,mobile,organic
994,2023-03-26,UK,mobile,organic
995,2023-04-10,India,desktop,referral
996,2023-01-13,India,desktop,organic
997,2023-04-20,UK,desktop,referral
998,2023-01-18,UK,mobile,organic
999,2023-03-18,India,desktop,referral
1000,2023-06-07,USA,desktop,referral
